CLAVE DE ESTADO,NOMBRE DE ESTADO,CLAVE DE MUNICIPIO,NOMBRE DE MUNICIPIO,CVE_MUN
14,JALISCO,93,TEPATITLÁN DE MORELOS,14093
24,SAN LUIS POTOSÍ,24,RIOVERDE,24024
10,DURANGO,11,INDÉ,10011
14,JALISCO,58,MASCOTA,14058
31,YUCATÁN,27,DZIDZANTÚN,31027
30,VERACRUZ DE IGNACIO DE LA LLAVE,175,TIHUATLÁN,30175
16,MICHOACÁN DE OCAMPO,2,AGUILILLA,16002
27,TABASCO,4,CENTRO,27004
4,CAMPECHE,5,HECELCHAKÁN,04005
21,PUEBLA,114,PUEBLA,21114
14,JALISCO,119,ZACOALCO DE TORRES,14119
16,MICHOACÁN DE OCAMPO,12,BUENAVISTA,16012
4,CAMPECHE,2,CAMPECHE,04002
4,CAMPECHE,9,ESCÁRCEGA,04009
32,ZACATECAS,26,MAZAPIL,32026
4,CAMPECHE,3,CARMEN,04003
21,PUEBLA,154,TECAMACHALCO,21154
31,YUCATÁN,6,BUCTZOTZ,31006
32,ZACATECAS,40,SAIN ALTO,32040
4,CAMPECHE,6,HOPELCHÉN,04006
32,ZACATECAS,49,VALPARAÍSO,32049
4,CAMPECHE,4,CHAMPOTÓN,04004
4,CAMPECHE,11,CANDELARIA,04011
1,AGUASCALIENTES,6,PABELLÓN DE ARTEAGA,01006
30,VERACRUZ DE IGNACIO DE LA LLAVE,174,TIERRA BLANCA,30174
27,TABASCO,2,CÁRDENAS,27002
7,CHIAPAS,107,VILLA CORZO,07107
7,CHIAPAS,12,BERRIOZÁBAL,07012
20,OAXACA,2,ACATLÁN DE PÉREZ FIGUEROA,20002
30,VERACRUZ DE IGNACIO DE LA LLAVE,207,TRES VALLES,30207
19,NUEVO LEÓN,42,LOS RAMONES,19042
17,MORELOS,17,PUENTE DE IXTLA,17017
30,VERACRUZ DE IGNACIO DE LA LLAVE,182,TLALNELHUAYOCAN,30182
16,MICHOACÁN DE OCAMPO,103,VENUSTIANO CARRANZA,16103
32,ZACATECAS,28,MEZQUITAL DEL ORO,32028
17,MORELOS,10,JANTETELCO,17010
7,CHIAPAS,61,OCOZOCOAUTLA DE ESPINOSA,07061
7,CHIAPAS,108,VILLAFLORES,07108
14,JALISCO,33,DEGOLLADO,14033
25,SINALOA,10,EL FUERTE,25010
7,CHIAPAS,51,MAPASTEPEC,07051
26,SONORA,59,SANTA CRUZ,26059
7,CHIAPAS,41,LA INDEPENDENCIA,07041
22,QUERÉTARO,5,COLÓN,22005
22,QUERÉTARO,17,TEQUISQUIAPAN,22017
8,CHIHUAHUA,2,ALDAMA,08002
6,COLIMA,5,CUAUHTÉMOC,06005
32,ZACATECAS,50,VETAGRANDE,32050
11,GUANAJUATO,11,CORTAZAR,11011
8,CHIHUAHUA,18,CUSIHUIRIACHI,08018
8,CHIHUAHUA,19,CHIHUAHUA,08019
11,GUANAJUATO,9,COMONFORT,11009
11,GUANAJUATO,5,APASEO EL GRANDE,11005
8,CHIHUAHUA,31,GUERRERO,08031
11,GUANAJUATO,30,SAN FELIPE,11030
8,CHIHUAHUA,10,BUENAVENTURA,08010
21,PUEBLA,160,TEOTLALCO,21160
8,CHIHUAHUA,28,GUADALUPE,08028
28,TAMAULIPAS,41,VICTORIA,28041
28,TAMAULIPAS,13,GÜÉMEZ,28013
8,CHIHUAHUA,1,AHUMADA,08001
14,JALISCO,60,MEXTICACÁN,14060
8,CHIHUAHUA,17,CUAUHTÉMOC,08017
11,GUANAJUATO,3,SAN MIGUEL DE ALLENDE,11003
14,JALISCO,26,CONCEPCIÓN DE BUENOS AIRES,14026
14,JALISCO,69,QUITUPAN,14069
19,NUEVO LEÓN,17,GALEANA,19017
25,SINALOA,17,SINALOA,25017
25,SINALOA,11,GUASAVE,25011
22,QUERÉTARO,14,QUERÉTARO,22014
32,ZACATECAS,52,VILLA GARCÍA,32052
16,MICHOACÁN DE OCAMPO,6,APATZINGÁN,16006
32,ZACATECAS,38,PINOS,32038
17,MORELOS,19,TEPALCINGO,17019
15,MÉXICO,14,ATLACOMULCO,15014
15,MÉXICO,11,ATENCO,15011
7,CHIAPAS,99,LA TRINITARIA,07099
6,COLIMA,7,MANZANILLO,06007
16,MICHOACÁN DE OCAMPO,83,TANCÍTARO,16083
6,COLIMA,4,COQUIMATLÁN,06004
8,CHIHUAHUA,5,ASCENSIÓN,08005
8,CHIHUAHUA,42,MANUEL BENAVIDES,08042
8,CHIHUAHUA,35,JANOS,08035
16,MICHOACÁN DE OCAMPO,17,CONTEPEC,16017
16,MICHOACÁN DE OCAMPO,102,URUAPAN,16102
11,GUANAJUATO,7,CELAYA,11007
8,CHIHUAHUA,54,RIVA PALACIO,08054
8,CHIHUAHUA,48,NAMIQUIPA,08048
8,CHIHUAHUA,11,CAMARGO,08011
18,NAYARIT,15,SANTIAGO IXCUINTLA,18015
14,JALISCO,108,TUXPAN,14108
32,ZACATECAS,55,VILLANUEVA,32055
15,MÉXICO,18,CALIMAYA,15018
5,COAHUILA DE ZARAGOZA,4,ARTEAGA,05004
19,NUEVO LEÓN,45,SALINAS VICTORIA,19045
7,CHIAPAS,89,TAPACHULA,07089
8,CHIHUAHUA,23,GALEANA,08023
19,NUEVO LEÓN,49,SANTIAGO,19049
14,JALISCO,123,ZAPOTLÁN DEL REY,14123
8,CHIHUAHUA,55,ROSALES,08055
2,BAJA CALIFORNIA,1,ENSENADA,02001
8,CHIHUAHUA,3,ALLENDE,08003
8,CHIHUAHUA,45,MEOQUI,08045
8,CHIHUAHUA,62,SAUCILLO,08062
32,ZACATECAS,47,TEÚL DE GONZÁLEZ ORTEGA,32047
8,CHIHUAHUA,50,NUEVO CASAS GRANDES,08050
6,COLIMA,3,COMALA,06003
16,MICHOACÁN DE OCAMPO,29,CHURUMUCO,16029
25,SINALOA,1,AHOME,25001
6,COLIMA,2,COLIMA,06002
32,ZACATECAS,10,FRESNILLO,32010
32,ZACATECAS,42,SOMBRERETE,32042
32,ZACATECAS,15,EL PLATEADO DE JOAQUÍN AMARO,32015
31,YUCATÁN,50,MÉRIDA,31050
31,YUCATÁN,52,MOTUL,31052
31,YUCATÁN,73,TAHDZIÚ,31073
15,MÉXICO,87,TEMOAYA,15087
14,JALISCO,53,LAGOS DE MORENO,14053
8,CHIHUAHUA,21,DELICIAS,08021
28,TAMAULIPAS,37,SOTO LA MARINA,28037
32,ZACATECAS,11,TRINIDAD GARCÍA DE LA CADENA,32011
32,ZACATECAS,54,VILLA HIDALGO,32054
8,CHIHUAHUA,36,JIMÉNEZ,08036
32,ZACATECAS,51,VILLA DE COS,32051
19,NUEVO LEÓN,34,MARÍN,19034
7,CHIAPAS,46,JIQUIPILAS,07046
21,PUEBLA,185,TLAPANALÁ,21185
14,JALISCO,120,ZAPOPAN,14120
11,GUANAJUATO,23,PÉNJAMO,11023
32,ZACATECAS,32,MORELOS,32032
32,ZACATECAS,27,MELCHOR OCAMPO,32027
16,MICHOACÁN DE OCAMPO,82,TACÁMBARO,16082
14,JALISCO,98,SAN PEDRO TLAQUEPAQUE,14098
14,JALISCO,97,TLAJOMULCO DE ZÚÑIGA,14097
32,ZACATECAS,24,LORETO,32024
30,VERACRUZ DE IGNACIO DE LA LLAVE,11,ALVARADO,30011
32,ZACATECAS,17,GUADALUPE,32017
11,GUANAJUATO,28,SALVATIERRA,11028
30,VERACRUZ DE IGNACIO DE LA LLAVE,193,VERACRUZ,30193
14,JALISCO,13,ATOTONILCO EL ALTO,14013
11,GUANAJUATO,1,ABASOLO,11001
11,GUANAJUATO,14,DOLORES HIDALGO CUNA DE LA INDEPENDENCIA NACIONAL,11014
11,GUANAJUATO,27,SALAMANCA,11027
8,CHIHUAHUA,67,VALLE DE ZARAGOZA,08067
1,AGUASCALIENTES,2,ASIENTOS,01002
11,GUANAJUATO,44,VILLAGRÁN,11044
11,GUANAJUATO,42,VALLE DE SANTIAGO,11042
30,VERACRUZ DE IGNACIO DE LA LLAVE,97,LERDO DE TEJADA,30097
30,VERACRUZ DE IGNACIO DE LA LLAVE,15,ANGEL R. CABADA,30015
32,ZACATECAS,29,MIGUEL AUZA,32029
30,VERACRUZ DE IGNACIO DE LA LLAVE,181,TLALIXCOYAN,30181
30,VERACRUZ DE IGNACIO DE LA LLAVE,49,COTAXTLA,30049
14,JALISCO,70,EL SALTO,14070
8,CHIHUAHUA,39,LÓPEZ,08039
8,CHIHUAHUA,6,BACHÍNIVA,08006
28,TAMAULIPAS,34,SAN CARLOS,28034
11,GUANAJUATO,17,IRAPUATO,11017
30,VERACRUZ DE IGNACIO DE LA LLAVE,58,CHICONTEPEC,30058
14,JALISCO,63,OCOTLÁN,14063
28,TAMAULIPAS,21,EL MANTE,28021
12,GUERRERO,68,LA UNIÓN DE ISIDORO MONTES DE OCA,12068
30,VERACRUZ DE IGNACIO DE LA LLAVE,148,SOLEDAD DE DOBLADO,30148
30,VERACRUZ DE IGNACIO DE LA LLAVE,28,BOCA DEL RÍO,30028
28,TAMAULIPAS,4,ANTIGUO MORELOS,28004
14,JALISCO,6,AMECA,14006
14,JALISCO,23,ZAPOTLÁN EL GRANDE,14023
11,GUANAJUATO,26,ROMITA,11026
5,COAHUILA DE ZARAGOZA,11,GENERAL CEPEDA,05011
16,MICHOACÁN DE OCAMPO,87,TARETAN,16087
16,MICHOACÁN DE OCAMPO,49,MADERO,16049
16,MICHOACÁN DE OCAMPO,79,SALVADOR ESCALANTE,16079
16,MICHOACÁN DE OCAMPO,35,LA HUACANA,16035
31,YUCATÁN,98,TZUCACAB,31098
16,MICHOACÁN DE OCAMPO,57,NOCUPÉTARO,16057
19,NUEVO LEÓN,25,GENERAL ZUAZUA,19025
30,VERACRUZ DE IGNACIO DE LA LLAVE,154,TANTIMA,30154
14,JALISCO,44,IXTLAHUACÁN DE LOS MEMBRILLOS,14044
16,MICHOACÁN DE OCAMPO,111,ZIRACUARETIRO,16111
13,HIDALGO,13,ATOTONILCO DE TULA,13013
11,GUANAJUATO,20,LEÓN,11020
16,MICHOACÁN DE OCAMPO,64,PARÁCUARO,16064
3,BAJA CALIFORNIA SUR,3,LA PAZ,03003
14,JALISCO,42,HUEJUQUILLA EL ALTO,14042
16,MICHOACÁN DE OCAMPO,9,ARIO,16009
16,MICHOACÁN DE OCAMPO,107,ZACAPU,16107
16,MICHOACÁN DE OCAMPO,55,MÚGICA,16055
16,MICHOACÁN DE OCAMPO,89,TEPALCATEPEC,16089
14,JALISCO,66,PONCITLÁN,14066
10,DURANGO,1,CANATLÁN,10001
3,BAJA CALIFORNIA SUR,1,COMONDÚ,03001
32,ZACATECAS,37,PÁNUCO,32037
5,COAHUILA DE ZARAGOZA,17,MATAMOROS,05017
16,MICHOACÁN DE OCAMPO,104,VILLAMAR,16104
22,QUERÉTARO,16,SAN JUAN DEL RÍO,22016
16,MICHOACÁN DE OCAMPO,84,TANGAMANDAPIO,16084
14,JALISCO,73,SAN JUAN DE LOS LAGOS,14073
10,DURANGO,32,SANTIAGO PAPASQUIARO,10032
3,BAJA CALIFORNIA SUR,2,MULEGÉ,03002
14,JALISCO,18,LA BARCA,14018
20,OAXACA,59,MIAHUATLÁN DE PORFIRIO DÍAZ,20059
14,JALISCO,88,TECOLOTLÁN,14088
10,DURANGO,5,DURANGO,10005
10,DURANGO,17,OCAMPO,10017
11,GUANAJUATO,39,TARIMORO,11039
11,GUANAJUATO,31,SAN FRANCISCO DEL RINCÓN,11031
15,MÉXICO,106,TOLUCA,15106
8,CHIHUAHUA,58,SAN FRANCISCO DE CONCHOS,08058
20,OAXACA,413,SANTA MARÍA HUATULCO,20413
23,QUINTANA ROO,4,OTHÓN P. BLANCO,23004
10,DURANGO,18,EL ORO,10018
27,TABASCO,15,TACOTALPA,27015
10,DURANGO,4,CUENCAMÉ,10004
19,NUEVO LEÓN,43,RAYONES,19043
19,NUEVO LEÓN,9,CADEREYTA JIMÉNEZ,19009
18,NAYARIT,12,SAN BLAS,18012
6,COLIMA,6,IXTLAHUACÁN,06006
8,CHIHUAHUA,14,CORONADO,08014
19,NUEVO LEÓN,41,PESQUERÍA,19041
10,DURANGO,10,HIDALGO,10010
19,NUEVO LEÓN,38,MONTEMORELOS,19038
19,NUEVO LEÓN,14,DOCTOR ARROYO,19014
10,DURANGO,24,RODEO,10024
5,COAHUILA DE ZARAGOZA,33,SAN PEDRO,05033
20,OAXACA,103,SAN ANTONINO CASTILLO VELASCO,20103
10,DURANGO,7,GÓMEZ PALACIO,10007
28,TAMAULIPAS,2,ALDAMA,28002
18,NAYARIT,4,COMPOSTELA,18004
8,CHIHUAHUA,38,JULIMES,08038
24,SAN LUIS POTOSÍ,25,SALINAS,24025
27,TABASCO,9,JALAPA,27009
11,GUANAJUATO,8,MANUEL DOBLADO,11008
11,GUANAJUATO,2,ACÁMBARO,11002
20,OAXACA,91,SAN ANDRÉS HUAYÁPAM,20091
1,AGUASCALIENTES,9,TEPEZALÁ,01009
29,TLAXCALA,7,EL CARMEN TEQUEXQUITLA,29007
26,SONORA,10,BACERAC,26010
26,SONORA,58,SANTA ANA,26058
9,CIUDAD DE MÉXICO,3,COYOACÁN,09003
1,AGUASCALIENTES,1,AGUASCALIENTES,01001
5,COAHUILA DE ZARAGOZA,30,SALTILLO,05030
26,SONORA,29,GUAYMAS,26029
16,MICHOACÁN DE OCAMPO,50,MARAVATÍO,16050
18,NAYARIT,18,TUXPAN,18018
5,COAHUILA DE ZARAGOZA,18,MONCLOVA,05018
26,SONORA,56,SAN MIGUEL DE HORCASITAS,26056
26,SONORA,66,URES,26066
23,QUINTANA ROO,6,JOSÉ MARÍA MORELOS,23006
30,VERACRUZ DE IGNACIO DE LA LLAVE,94,JUAN RODRÍGUEZ CLARA,30094
19,NUEVO LEÓN,22,GENERAL TERÁN,19022
10,DURANGO,13,MAPIMÍ,10013
10,DURANGO,12,LERDO,10012
23,QUINTANA ROO,2,FELIPE CARRILLO PUERTO,23002
5,COAHUILA DE ZARAGOZA,35,TORREÓN,05035
5,COAHUILA DE ZARAGOZA,24,PARRAS,05024
15,MÉXICO,48,JOCOTITLÁN,15048
19,NUEVO LEÓN,44,SABINAS HIDALGO,19044
23,QUINTANA ROO,5,BENITO JUÁREZ,23005
20,OAXACA,43,JUCHITÁN DE ZARAGOZA,20043
20,OAXACA,505,SANTO DOMINGO INGENIO,20505
20,OAXACA,5,ASUNCIÓN IXTALTEPEC,20005
21,PUEBLA,3,ACATLÁN,21003
10,DURANGO,6,GENERAL SIMÓN BOLÍVAR,10006
24,SAN LUIS POTOSÍ,28,SAN LUIS POTOSÍ,24028
31,YUCATÁN,84,TEMAX,31084
11,GUANAJUATO,32,SAN JOSÉ ITURBIDE,11032
14,JALISCO,22,CIHUATLÁN,14022
26,SONORA,22,CUCURPE,26022
14,JALISCO,16,AYOTLÁN,14016
1,AGUASCALIENTES,11,SAN FRANCISCO DE LOS ROMO,01011
16,MICHOACÁN DE OCAMPO,97,TURICATO,16097
20,OAXACA,475,SANTIAGO MATATLÁN,20475
15,MÉXICO,51,LERMA,15051
2,BAJA CALIFORNIA,3,TECATE,02003
25,SINALOA,6,CULIACÁN,25006
30,VERACRUZ DE IGNACIO DE LA LLAVE,3,ACAYUCAN,30003
3,BAJA CALIFORNIA SUR,8,LOS CABOS,03008
24,SAN LUIS POTOSÍ,9,CERRO DE SAN PEDRO,24009
24,SAN LUIS POTOSÍ,11,CIUDAD FERNÁNDEZ,24011
24,SAN LUIS POTOSÍ,49,VILLA DE RAMOS,24049
24,SAN LUIS POTOSÍ,7,CEDRAL,24007
24,SAN LUIS POTOSÍ,5,CÁRDENAS,24005
24,SAN LUIS POTOSÍ,4,ARMADILLO DE LOS INFANTE,24004
24,SAN LUIS POTOSÍ,37,TAMAZUNCHALE,24037
24,SAN LUIS POTOSÍ,34,SAN VICENTE TANCUAYALAB,24034
5,COAHUILA DE ZARAGOZA,9,FRANCISCO I. MADERO,05009
15,MÉXICO,113,VILLA GUERRERO,15113
14,JALISCO,43,LA HUERTA,14043
20,OAXACA,551,TLACOLULA DE MATAMOROS,20551
24,SAN LUIS POTOSÍ,40,TAMUÍN,24040
14,JALISCO,67,PUERTO VALLARTA,14067
24,SAN LUIS POTOSÍ,44,VANEGAS,24044
5,COAHUILA DE ZARAGOZA,36,VIESCA,05036
21,PUEBLA,19,ATLIXCO,21019
24,SAN LUIS POTOSÍ,35,SOLEDAD DE GRACIANO SÁNCHEZ,24035
24,SAN LUIS POTOSÍ,1,AHUALULCO,24001
26,SONORA,27,FRONTERAS,26027
24,SAN LUIS POTOSÍ,10,CIUDAD DEL MAÍZ,24010
20,OAXACA,399,SANTA MARÍA ATZOMPA,20399
14,JALISCO,100,TOMATLÁN,14100
24,SAN LUIS POTOSÍ,32,SANTA MARÍA DEL RÍO,24032
20,OAXACA,402,SANTA MARÍA CORTIJO,20402
4,CAMPECHE,1,CALKINÍ,04001
1,AGUASCALIENTES,5,JESÚS MARÍA,01005
20,OAXACA,92,SAN ANDRÉS IXTLAHUACA,20092
14,JALISCO,92,TEOCUITATLÁN DE CORONA,14092
28,TAMAULIPAS,32,REYNOSA,28032
14,JALISCO,39,GUADALAJARA,14039
14,JALISCO,52,JUCHITLÁN,14052
10,DURANGO,15,NAZAS,10015
21,PUEBLA,142,SAN SALVADOR EL SECO,21142
8,CHIHUAHUA,52,OJINAGA,08052
17,MORELOS,9,HUITZILAC,17009
11,GUANAJUATO,37,SILAO DE LA VICTORIA,11037
14,JALISCO,35,ENCARNACIÓN DE DÍAZ,14035
21,PUEBLA,122,SAN FELIPE TEOTLALCINGO,21122
20,OAXACA,227,SAN LORENZO CACAOTEPEC,20227
14,JALISCO,75,SAN MARCOS,14075
8,CHIHUAHUA,4,AQUILES SERDÁN,08004
11,GUANAJUATO,46,YURIRIA,11046
24,SAN LUIS POTOSÍ,21,MEXQUITIC DE CARMONA,24021
10,DURANGO,30,SAN PEDRO DEL GALLO,10030
15,MÉXICO,4,ALMOLOYA DE ALQUISIRAS,15004
30,VERACRUZ DE IGNACIO DE LA LLAVE,125,PASO DEL MACHO,30125
20,OAXACA,565,VILLA DE ZAACHILA,20565
11,GUANAJUATO,18,JARAL DEL PROGRESO,11018
16,MICHOACÁN DE OCAMPO,20,CUITZEO,16020
26,SONORA,50,RAYÓN,26050
10,DURANGO,39,NUEVO IDEAL,10039
19,NUEVO LEÓN,39,MONTERREY,19039
28,TAMAULIPAS,30,PADILLA,28030
20,OAXACA,6,ASUNCIÓN NOCHIXTLÁN,20006
11,GUANAJUATO,33,SAN LUIS DE LA PAZ,11033
20,OAXACA,61,MONJAS,20061
16,MICHOACÁN DE OCAMPO,69,LA PIEDAD,16069
11,GUANAJUATO,12,CUERÁMARO,11012
14,JALISCO,86,TAPALPA,14086
14,JALISCO,105,TOTOTLÁN,14105
8,CHIHUAHUA,15,COYAME DEL SOTOL,08015
1,AGUASCALIENTES,7,RINCÓN DE ROMOS,01007
26,SONORA,7,ATIL,26007
19,NUEVO LEÓN,12,CIÉNEGA DE FLORES,19012
20,OAXACA,563,YOGANA,20563
8,CHIHUAHUA,32,HIDALGO DEL PARRAL,08032
14,JALISCO,64,OJUELOS DE JALISCO,14064
14,JALISCO,85,TAMAZULA DE GORDIANO,14085
14,JALISCO,89,TECHALUTA DE MONTENEGRO,14089
14,JALISCO,30,CHAPALA,14030
24,SAN LUIS POTOSÍ,45,VENADO,24045
20,OAXACA,315,SAN PEDRO MÁRTIR,20315
14,JALISCO,124,ZAPOTLANEJO,14124
21,PUEBLA,180,TLAHUAPAN,21180
14,JALISCO,8,ARANDAS,14008
14,JALISCO,83,TALA,14083
14,JALISCO,2,ACATLÁN DE JUÁREZ,14002
24,SAN LUIS POTOSÍ,16,EBANO,24016
10,DURANGO,3,CONETO DE COMONFORT,10003
14,JALISCO,114,VILLA CORONA,14114
2,BAJA CALIFORNIA,4,TIJUANA,02004
20,OAXACA,439,SANTA MARÍA TONAMECA,20439
16,MICHOACÁN DE OCAMPO,85,TANGANCÍCUARO,16085
16,MICHOACÁN DE OCAMPO,67,PENJAMILLO,16067
30,VERACRUZ DE IGNACIO DE LA LLAVE,191,URSULO GALVÁN,30191
14,JALISCO,99,TOLIMÁN,14099
30,VERACRUZ DE IGNACIO DE LA LLAVE,53,CUITLÁHUAC,30053
20,OAXACA,360,SANTA ANA ZEGACHE,20360
30,VERACRUZ DE IGNACIO DE LA LLAVE,105,MEDELLÍN DE BRAVO,30105
3,BAJA CALIFORNIA SUR,9,LORETO,03009
15,MÉXICO,5,ALMOLOYA DE JUÁREZ,15005
21,PUEBLA,113,PIAXTLA,21113
15,MÉXICO,59,NEXTLALPAN,15059
14,JALISCO,5,AMATITÁN,14005
21,PUEBLA,139,SAN PABLO ANICANO,21139
24,SAN LUIS POTOSÍ,50,VILLA DE REYES,24050
14,JALISCO,24,COCULA,14024
24,SAN LUIS POTOSÍ,56,VILLA DE ARISTA,24056
5,COAHUILA DE ZARAGOZA,20,MÚZQUIZ,05020
26,SONORA,36,MAGDALENA,26036
19,NUEVO LEÓN,47,HIDALGO,19047
5,COAHUILA DE ZARAGOZA,27,RAMOS ARIZPE,05027
20,OAXACA,28,HEROICA CIUDAD DE EJUTLA DE CRESPO,20028
32,ZACATECAS,56,ZACATECAS,32056
26,SONORA,18,CAJEME,26018
21,PUEBLA,115,QUECHOLAC,21115
22,QUERÉTARO,8,HUIMILPAN,22008
14,JALISCO,55,MAGDALENA,14055
14,JALISCO,15,AUTLÁN DE NAVARRO,14015
21,PUEBLA,140,SAN PEDRO CHOLULA,21140
14,JALISCO,82,SAYULA,14082
26,SONORA,42,NAVOJOA,26042
26,SONORA,30,HERMOSILLO,26030
14,JALISCO,112,VALLE DE JUÁREZ,14112
31,YUCATÁN,33,HALACHÓ,31033
31,YUCATÁN,82,TELCHAC PUEBLO,31082
25,SINALOA,2,ANGOSTURA,25002
31,YUCATÁN,29,DZILAM GONZÁLEZ,31029
24,SAN LUIS POTOSÍ,22,MOCTEZUMA,24022
11,GUANAJUATO,25,PURÍSIMA DEL RINCÓN,11025
11,GUANAJUATO,35,SANTA CRUZ DE JUVENTINO ROSAS,11035
31,YUCATÁN,70,SUCILÁ,31070
16,MICHOACÁN DE OCAMPO,86,TANHUATO,16086
13,HIDALGO,30,IXMIQUILPAN,13030
20,OAXACA,385,SANTA CRUZ XOXOCOTLÁN,20385
18,NAYARIT,17,TEPIC,18017
14,JALISCO,47,JAMAY,14047
10,DURANGO,36,TLAHUALILO,10036
24,SAN LUIS POTOSÍ,17,GUADALCÁZAR,24017
18,NAYARIT,20,BAHÍA DE BANDERAS,18020
14,JALISCO,7,SAN JUANITO DE ESCOBEDO,14007
20,OAXACA,398,AYOQUEZCO DE ALDAMA,20398
31,YUCATÁN,96,TIZIMÍN,31096
30,VERACRUZ DE IGNACIO DE LA LLAVE,7,CAMARÓN DE TEJEDA,30007
15,MÉXICO,121,CUAUTITLÁN IZCALLI,15121
1,AGUASCALIENTES,3,CALVILLO,01003
20,OAXACA,570,ZIMATLÁN DE ÁLVAREZ,20570
22,QUERÉTARO,7,EZEQUIEL MONTES,22007
32,ZACATECAS,25,LUIS MOYA,32025
5,COAHUILA DE ZARAGOZA,28,SABINAS,05028
14,JALISCO,50,JOCOTEPEC,14050
5,COAHUILA DE ZARAGOZA,31,SAN BUENAVENTURA,05031
13,HIDALGO,5,AJACUBA,13005
20,OAXACA,307,SAN PEDRO HUAMELULA,20307
31,YUCATÁN,40,IZAMAL,31040
16,MICHOACÁN DE OCAMPO,78,SANTA ANA MAYA,16078
8,CHIHUAHUA,13,CASAS GRANDES,08013
14,JALISCO,48,JESÚS MARÍA,14048
20,OAXACA,293,SAN PABLO ETLA,20293
23,QUINTANA ROO,9,TULUM,23009
20,OAXACA,387,SANTA GERTRUDIS,20387
11,GUANAJUATO,36,SANTIAGO MARAVATÍO,11036
5,COAHUILA DE ZARAGOZA,5,CANDELA,05005
14,JALISCO,4,AMACUECA,14004
14,JALISCO,14,ATOYAC,14014
11,GUANAJUATO,16,HUANÍMARO,11016
14,JALISCO,36,ETZATLÁN,14036
8,CHIHUAHUA,37,JUÁREZ,08037
14,JALISCO,121,ZAPOTILTIC,14121
26,SONORA,55,SAN LUIS RÍO COLORADO,26055
20,OAXACA,310,SAN PEDRO IXTLAHUACA,20310
26,SONORA,47,PITIQUITO,26047
13,HIDALGO,55,SANTIAGO DE ANAYA,13055
31,YUCATÁN,97,TUNKÁS,31097
21,PUEBLA,110,PALMAR DE BRAVO,21110
20,OAXACA,68,OCOTLÁN DE MORELOS,20068
26,SONORA,20,CARBÓ,26020
31,YUCATÁN,54,MUXUPIP,31054
14,JALISCO,51,JUANACATLÁN,14051
31,YUCATÁN,1,ABALÁ,31001
14,JALISCO,91,TEOCALTICHE,14091
19,NUEVO LEÓN,6,APODACA,19006
22,QUERÉTARO,12,PEDRO ESCOBEDO,22012
13,HIDALGO,52,SAN AGUSTÍN TLAXIACA,13052
14,JALISCO,113,SAN GABRIEL,14113
10,DURANGO,8,GUADALUPE VICTORIA,10008
2,BAJA CALIFORNIA,2,MEXICALI,02002
26,SONORA,46,OQUITOA,26046
20,OAXACA,553,TLALIXTAC DE CABRERA,20553
10,DURANGO,25,SAN BERNARDO,10025
11,GUANAJUATO,29,SAN DIEGO DE LA UNIÓN,11029
9,CIUDAD DE MÉXICO,16,MIGUEL HIDALGO,09016
17,MORELOS,14,MAZATEPEC,17014
16,MICHOACÁN DE OCAMPO,19,COTIJA,16019
14,JALISCO,107,TUXCUECA,14107
21,PUEBLA,34,CORONANGO,21034
16,MICHOACÁN DE OCAMPO,70,PURÉPERO,16070
14,JALISCO,79,GÓMEZ FARÍAS,14079
16,MICHOACÁN DE OCAMPO,53,MORELIA,16053
16,MICHOACÁN DE OCAMPO,76,SAHUAYO,16076
16,MICHOACÁN DE OCAMPO,112,ZITÁCUARO,16112
20,OAXACA,45,MAGDALENA APASCO,20045
5,COAHUILA DE ZARAGOZA,7,CUATRO CIÉNEGAS,05007
5,COAHUILA DE ZARAGOZA,38,ZARAGOZA,05038
5,COAHUILA DE ZARAGOZA,23,OCAMPO,05023
32,ZACATECAS,20,JEREZ,32020
5,COAHUILA DE ZARAGOZA,26,PROGRESO,05026
21,PUEBLA,170,TEPEYAHUALCO,21170
10,DURANGO,21,PEÑÓN BLANCO,10021
19,NUEVO LEÓN,2,AGUALEGUAS,19002
10,DURANGO,35,TEPEHUANES,10035
5,COAHUILA DE ZARAGOZA,22,NAVA,05022
30,VERACRUZ DE IGNACIO DE LA LLAVE,108,MINATITLÁN,30108
32,ZACATECAS,36,OJOCALIENTE,32036
20,OAXACA,301,SAN PEDRO APÓSTOL,20301
5,COAHUILA DE ZARAGOZA,29,SACRAMENTO,05029
5,COAHUILA DE ZARAGOZA,3,ALLENDE,05003
10,DURANGO,31,SANTA CLARA,10031
14,JALISCO,103,TONILA,14103
29,TLAXCALA,4,ATLTZAYANCA,29004
19,NUEVO LEÓN,31,JUÁREZ,19031
14,JALISCO,72,SAN DIEGO DE ALEJANDRÍA,14072
14,JALISCO,46,JALOSTOTITLÁN,14046
5,COAHUILA DE ZARAGOZA,37,VILLA UNIÓN,05037
14,JALISCO,3,AHUALULCO DE MERCADO,14003
14,JALISCO,9,EL ARENAL,14009
19,NUEVO LEÓN,33,LINARES,19033
19,NUEVO LEÓN,48,SANTA CATARINA,19048
19,NUEVO LEÓN,18,GARCÍA,19018
19,NUEVO LEÓN,7,ARAMBERRI,19007
32,ZACATECAS,35,NORIA DE ÁNGELES,32035
30,VERACRUZ DE IGNACIO DE LA LLAVE,41,COETZALA,30041
21,PUEBLA,66,GUADALUPE,21066
20,OAXACA,342,SAN RAYMUNDO JALPAN,20342
21,PUEBLA,67,GUADALUPE VICTORIA,21067
5,COAHUILA DE ZARAGOZA,21,NADADORES,05021
11,GUANAJUATO,4,APASEO EL ALTO,11004
20,OAXACA,334,VILLA DE TUTUTEPEC,20334
30,VERACRUZ DE IGNACIO DE LA LLAVE,14,AMATLÁN DE LOS REYES,30014
15,MÉXICO,54,METEPEC,15054
30,VERACRUZ DE IGNACIO DE LA LLAVE,200,ZENTLA,30200
1,AGUASCALIENTES,10,EL LLANO,01010
20,OAXACA,358,SANTA ANA TLAPACOYAN,20358
20,OAXACA,67,OAXACA DE JUÁREZ,20067
20,OAXACA,135,SAN FELIPE TEJALÁPAM,20135
16,MICHOACÁN DE OCAMPO,106,YURÉCUARO,16106
30,VERACRUZ DE IGNACIO DE LA LLAVE,85,IXTACZOQUITLÁN,30085
19,NUEVO LEÓN,23,GENERAL TREVIÑO,19023
20,OAXACA,157,SAN JACINTO AMILPAS,20157
20,OAXACA,295,SAN PABLO HUIXTEPEC,20295
20,OAXACA,298,SAN PABLO VILLA DE MITLA,20298
16,MICHOACÁN DE OCAMPO,46,JUÁREZ,16046
19,NUEVO LEÓN,10,EL CARMEN,19010
15,MÉXICO,33,ECATEPEC DE MORELOS,15033
23,QUINTANA ROO,8,SOLIDARIDAD,23008
22,QUERÉTARO,6,CORREGIDORA,22006
6,COLIMA,10,VILLA DE ÁLVAREZ,06010
26,SONORA,23,CUMPAS,26023
19,NUEVO LEÓN,29,HUALAHUISES,19029
26,SONORA,49,QUIRIEGO,26049
13,HIDALGO,83,ZEMPOALA,13083
26,SONORA,6,ARIZPE,26006
22,QUERÉTARO,9,JALPAN DE SERRA,22009
28,TAMAULIPAS,8,CASAS,28008
15,MÉXICO,110,VALLE DE BRAVO,15110
19,NUEVO LEÓN,8,BUSTAMANTE,19008
8,CHIHUAHUA,64,EL TULE,08064
19,NUEVO LEÓN,46,SAN NICOLÁS DE LOS GARZA,19046
21,PUEBLA,108,ORIENTAL,21108
7,CHIAPAS,54,MAZATÁN,07054
7,CHIAPAS,97,TONALÁ,07097
24,SAN LUIS POTOSÍ,47,VILLA DE GUADALUPE,24047
20,OAXACA,327,SAN PEDRO TAPANATEPEC,20327
27,TABASCO,16,TEAPA,27016
27,TABASCO,6,CUNDUACÁN,27006
27,TABASCO,8,HUIMANGUILLO,27008
30,VERACRUZ DE IGNACIO DE LA LLAVE,31,CARRILLO PUERTO,30031
13,HIDALGO,76,TULA DE ALLENDE,13076
13,HIDALGO,1,ACATLÁN,13001
28,TAMAULIPAS,43,XICOTÉNCATL,28043
24,SAN LUIS POTOSÍ,20,MATEHUALA,24020
13,HIDALGO,82,ZAPOTLÁN DE JUÁREZ,13082
21,PUEBLA,177,TLACOTEPEC DE BENITO JUÁREZ,21177
21,PUEBLA,161,TEPANCO DE LÓPEZ,21161
19,NUEVO LEÓN,26,GUADALUPE,19026
19,NUEVO LEÓN,50,VALLECILLO,19050
11,GUANAJUATO,40,TIERRA BLANCA,11040
16,MICHOACÁN DE OCAMPO,30,ECUANDUREO,16030
16,MICHOACÁN DE OCAMPO,25,CHILCHOTA,16025
21,PUEBLA,156,TEHUACÁN,21156
20,OAXACA,555,TRINIDAD ZAACHILA,20555
14,JALISCO,68,VILLA PURIFICACIÓN,14068
7,CHIAPAS,86,SUCHIAPA,07086
15,MÉXICO,70,LA PAZ,15070
2,BAJA CALIFORNIA,5,PLAYAS DE ROSARITO,02005
7,CHIAPAS,3,ACAPETAHUA,07003
7,CHIAPAS,40,HUIXTLA,07040
26,SONORA,38,MOCTEZUMA,26038
26,SONORA,4,ALTAR,26004
15,MÉXICO,62,OCOYOACAC,15062
21,PUEBLA,118,LOS REYES DE JUÁREZ,21118
16,MICHOACÁN DE OCAMPO,36,HUANDACAREO,16036
21,PUEBLA,148,SANTA ISABEL CHOLULA,21148
32,ZACATECAS,16,GENERAL PÁNFILO NATERA,32016
19,NUEVO LEÓN,20,GENERAL BRAVO,19020
19,NUEVO LEÓN,4,ALLENDE,19004
28,TAMAULIPAS,16,HIDALGO,28016
19,NUEVO LEÓN,51,VILLALDAMA,19051
1,AGUASCALIENTES,4,COSÍO,01004
24,SAN LUIS POTOSÍ,51,VILLA HIDALGO,24051
16,MICHOACÁN DE OCAMPO,108,ZAMORA,16108
32,ZACATECAS,13,GENERAL ENRIQUE ESTRADA,32013
22,QUERÉTARO,18,TOLIMÁN,22018
19,NUEVO LEÓN,19,SAN PEDRO GARZA GARCÍA,19019
28,TAMAULIPAS,23,MÉNDEZ,28023
19,NUEVO LEÓN,37,MINA,19037
21,PUEBLA,45,CHALCHICOMULA DE SESMA,21045
14,JALISCO,21,CASIMIRO CASTILLO,14021
13,HIDALGO,28,HUEJUTLA DE REYES,13028
32,ZACATECAS,19,JALPA,32019
16,MICHOACÁN DE OCAMPO,68,PERIBÁN,16068
16,MICHOACÁN DE OCAMPO,42,IXTLÁN,16042
11,GUANAJUATO,15,GUANAJUATO,11015
13,HIDALGO,59,TECOZAUTLA,13059
7,CHIAPAS,71,VILLA COMALTITLÁN,07071
16,MICHOACÁN DE OCAMPO,88,TARÍMBARO,16088
25,SINALOA,13,MOCORITO,25013
20,OAXACA,350,SAN SEBASTIÁN TUTLA,20350
13,HIDALGO,24,HUASCA DE OCAMPO,13024
22,QUERÉTARO,1,AMEALCO DE BONFIL,22001
16,MICHOACÁN DE OCAMPO,32,ERONGARÍCUARO,16032
32,ZACATECAS,23,JUCHIPILA,32023
21,PUEBLA,38,CUAPIAXTLA DE MADERO,21038
16,MICHOACÁN DE OCAMPO,18,COPÁNDARO,16018
14,JALISCO,1,ACATIC,14001
32,ZACATECAS,14,GENERAL FRANCISCO R. MURGUÍA,32014
15,MÉXICO,37,HUIXQUILUCAN,15037
20,OAXACA,132,SAN DIONISIO OCOTLÁN,20132
15,MÉXICO,120,ZUMPANGO,15120
26,SONORA,2,AGUA PRIETA,26002
16,MICHOACÁN DE OCAMPO,94,TLAZAZALCA,16094
16,MICHOACÁN DE OCAMPO,100,TZINTZUNTZAN,16100
16,MICHOACÁN DE OCAMPO,92,TIQUICHEO DE NICOLÁS ROMERO,16092
32,ZACATECAS,5,CALERA,32005
15,MÉXICO,25,CHALCO,15025
18,NAYARIT,1,ACAPONETA,18001
16,MICHOACÁN DE OCAMPO,75,LOS REYES,16075
10,DURANGO,16,NOMBRE DE DIOS,10016
25,SINALOA,15,SALVADOR ALVARADO,25015
14,JALISCO,77,SAN MARTÍN HIDALGO,14077
16,MICHOACÁN DE OCAMPO,74,COJUMATLÁN DE RÉGULES,16074
7,CHIAPAS,87,SUCHIATE,07087
15,MÉXICO,73,SAN ANTONIO LA ISLA,15073
15,MÉXICO,115,XONACATLÁN,15115
15,MÉXICO,60,NICOLÁS ROMERO,15060
11,GUANAJUATO,24,PUEBLO NUEVO,11024
13,HIDALGO,35,METEPEC,13035
16,MICHOACÁN DE OCAMPO,10,ARTEAGA,16010
21,PUEBLA,104,NOPALUCAN,21104
16,MICHOACÁN DE OCAMPO,113,JOSÉ SIXTO VERDUZCO,16113
20,OAXACA,193,SAN JUAN DEL ESTADO,20193
21,PUEBLA,137,SAN NICOLÁS BUENOS AIRES,21137
14,JALISCO,78,SAN MIGUEL EL ALTO,14078
16,MICHOACÁN DE OCAMPO,3,ÁLVARO OBREGÓN,16003
16,MICHOACÁN DE OCAMPO,52,LÁZARO CÁRDENAS,16052
11,GUANAJUATO,43,VICTORIA,11043
13,HIDALGO,77,TULANCINGO DE BRAVO,13077
22,QUERÉTARO,4,CADEREYTA DE MONTES,22004
21,PUEBLA,164,TEPEACA,21164
20,OAXACA,550,SAN JERÓNIMO TLACOCHAHUAYA,20550
13,HIDALGO,9,EL ARENAL,13009
16,MICHOACÁN DE OCAMPO,27,CHUCÁNDIRO,16027
21,PUEBLA,191,TULCINGO,21191
16,MICHOACÁN DE OCAMPO,71,PURUÁNDIRO,16071
13,HIDALGO,54,SAN SALVADOR,13054
28,TAMAULIPAS,19,LLERA,28019
14,JALISCO,95,TEUCHITLÁN,14095
15,MÉXICO,104,TLALNEPANTLA DE BAZ,15104
14,JALISCO,111,VALLE DE GUADALUPE,14111
20,OAXACA,145,SAN FRANCISCO LACHIGOLÓ,20145
15,MÉXICO,1,ACAMBAY DE RUÍZ CASTAÑEDA,15001
21,PUEBLA,119,SAN ANDRÉS CHOLULA,21119
13,HIDALGO,84,ZIMAPÁN,13084
16,MICHOACÁN DE OCAMPO,16,COENEO,16016
13,HIDALGO,37,METZTITLÁN,13037
13,HIDALGO,58,TASQUILLO,13058
25,SINALOA,12,MAZATLÁN,25012
7,CHIAPAS,101,TUXTLA GUTIÉRREZ,07101
14,JALISCO,109,UNIÓN DE SAN ANTONIO,14109
16,MICHOACÁN DE OCAMPO,60,NUMARÁN,16060
19,NUEVO LEÓN,28,HIGUERAS,19028
20,OAXACA,539,SOLEDAD ETLA,20539
14,JALISCO,74,SAN JULIÁN,14074
21,PUEBLA,69,HUAQUECHULA,21069
20,OAXACA,294,SAN PABLO HUITZO,20294
14,JALISCO,29,CUQUÍO,14029
23,QUINTANA ROO,10,BACALAR,23010
14,JALISCO,32,CHIQUILISTLÁN,14032
11,GUANAJUATO,38,TARANDACUAO,11038
19,NUEVO LEÓN,21,GENERAL ESCOBEDO,19021
15,MÉXICO,42,IXTLAHUACA,15042
21,PUEBLA,85,IZÚCAR DE MATAMOROS,21085
32,ZACATECAS,44,TABASCO,32044
20,OAXACA,368,SANTA CATARINA MINAS,20368
14,JALISCO,90,TENAMAXTLÁN,14090
32,ZACATECAS,39,RÍO GRANDE,32039
15,MÉXICO,45,JILOTEPEC,15045
23,QUINTANA ROO,11,PUERTO MORELOS,23011
26,SONORA,12,BÁCUM,26012
21,PUEBLA,149,SANTIAGO MIAHUATLÁN,21149
14,JALISCO,10,ATEMAJAC DE BRIZUELA,14010
26,SONORA,60,SÁRIC,26060
26,SONORA,51,ROSARIO,26051
21,PUEBLA,155,TECOMATLÁN,21155
30,VERACRUZ DE IGNACIO DE LA LLAVE,196,YANGA,30196
21,PUEBLA,44,CUYOACO,21044
14,JALISCO,102,TONAYA,14102
23,QUINTANA ROO,3,ISLA MUJERES,23003
19,NUEVO LEÓN,32,LAMPAZOS DE NARANJO,19032
24,SAN LUIS POTOSÍ,52,VILLA JUÁREZ,24052
14,JALISCO,87,TECALITLÁN,14087
20,OAXACA,150,SAN FRANCISCO TELIXTLAHUACA,20150
24,SAN LUIS POTOSÍ,33,SANTO DOMINGO,24033
21,PUEBLA,157,TEHUITZINGO,21157
14,JALISCO,59,MAZAMITLA,14059
28,TAMAULIPAS,35,SAN FERNANDO,28035
16,MICHOACÁN DE OCAMPO,23,CHAVINDA,16023
15,MÉXICO,99,TEXCOCO,15099
8,CHIHUAHUA,24,SANTA ISABEL,08024
8,CHIHUAHUA,16,LA CRUZ,08016
16,MICHOACÁN DE OCAMPO,66,PÁTZCUARO,16066
7,CHIAPAS,35,FRONTERA HIDALGO,07035
26,SONORA,17,CABORCA,26017
13,HIDALGO,7,ALMOLOYA,13007
20,OAXACA,33,GUADALUPE ETLA,20033
21,PUEBLA,94,LIBRES,21094
18,NAYARIT,13,SAN PEDRO LAGUNILLAS,18013
26,SONORA,62,SUAQUI GRANDE,26062
18,NAYARIT,3,AMATLÁN DE CAÑAS,18003
5,COAHUILA DE ZARAGOZA,12,GUERRERO,05012
5,COAHUILA DE ZARAGOZA,6,CASTAÑOS,05006
26,SONORA,65,TUBUTAMA,26065
31,YUCATÁN,67,SEYÉ,31067
30,VERACRUZ DE IGNACIO DE LA LLAVE,205,EL HIGO,30205
13,HIDALGO,74,TLAXCOAPAN,13074
13,HIDALGO,64,TEPETITLÁN,13064
14,JALISCO,94,TEQUILA,14094
14,JALISCO,122,ZAPOTITLÁN DE VADILLO,14122
7,CHIAPAS,2,ACALA,07002
7,CHIAPAS,17,CINTALAPA,07017
7,CHIAPAS,27,CHIAPA DE CORZO,07027
22,QUERÉTARO,11,EL MARQUÉS,22011
26,SONORA,35,IMURIS,26035
20,OAXACA,482,SANTIAGO PINOTEPA NACIONAL,20482
20,OAXACA,78,ROJAS DE CUAUHTÉMOC,20078
7,CHIAPAS,48,JUÁREZ,07048
26,SONORA,26,ETCHOJOA,26026
26,SONORA,43,NOGALES,26043
7,CHIAPAS,92,TECPATÁN,07092
20,OAXACA,380,SANTA CRUZ PAPALUTLA,20380
7,CHIAPAS,74,REFORMA,07074
12,GUERRERO,53,SAN MARCOS,12053
20,OAXACA,467,SANTIAGO JAMILTEPEC,20467
30,VERACRUZ DE IGNACIO DE LA LLAVE,16,LA ANTIGUA,30016
20,OAXACA,131,SAN DIONISIO OCOTEPEC,20131
20,OAXACA,414,SANTA MARÍA HUAZOLOTITLÁN,20414
20,OAXACA,343,SAN SEBASTIÁN ABASOLO,20343
20,OAXACA,333,SAN PEDRO TOTOLÁPAM,20333
9,CIUDAD DE MÉXICO,15,CUAUHTÉMOC,09015
12,GUERRERO,1,ACAPULCO DE JUÁREZ,12001
14,JALISCO,125,SAN IGNACIO CERRO GORDO,14125
30,VERACRUZ DE IGNACIO DE LA LLAVE,128,PEROTE,30128
20,OAXACA,77,REYES ETLA,20077
20,OAXACA,411,SANTA MARÍA GUELACÉ,20411
20,OAXACA,268,SAN MIGUEL EJUTLA,20268
14,JALISCO,110,UNIÓN DE TULA,14110
20,OAXACA,561,YAXE,20561
26,SONORA,71,BENITO JUÁREZ,26071
26,SONORA,70,GENERAL PLUTARCO ELÍAS CALLES,26070
7,CHIAPAS,62,OSTUACÁN,07062
12,GUERRERO,39,JUAN R. ESCUDERO,12039
20,OAXACA,508,SANTO DOMINGO CHIHUITÁN,20508
15,MÉXICO,76,SAN MATEO ATENCO,15076
20,OAXACA,69,LA PE,20069
29,TLAXCALA,39,XALOZTOC,29039
29,TLAXCALA,33,TLAXCALA,29033
11,GUANAJUATO,34,SANTA CATARINA,11034
20,OAXACA,17,LA COMPAÑÍA,20017
20,OAXACA,449,SANTA MARÍA ZOQUITLÁN,20449
20,OAXACA,538,SITIO DE XITLAPEHUA,20538
20,OAXACA,289,SAN NICOLÁS,20289
14,JALISCO,45,IXTLAHUACÁN DEL RÍO,14045
2,BAJA CALIFORNIA,6,SAN QUINTÍN,02006
26,SONORA,11,BACOACHI,26011
26,SONORA,45,OPODEPE,26045
5,COAHUILA DE ZARAGOZA,19,MORELOS,05019
20,OAXACA,115,SAN BARTOLO COYOTEPEC,20115
20,OAXACA,233,SAN LUCAS QUIAVINÍ,20233
8,CHIHUAHUA,25,GÓMEZ FARÍAS,08025
7,CHIAPAS,65,PALENQUE,07065
16,MICHOACÁN DE OCAMPO,37,HUANIQUEO,16037
20,OAXACA,14,CIUDAD IXTEPEC,20014
7,CHIAPAS,69,PIJIJIAPAN,07069
20,OAXACA,441,SANTA MARÍA XADANI,20441
20,OAXACA,485,SANTIAGO TAPEXTLA,20485
20,OAXACA,180,SAN JUAN BAUTISTA LO DE SOTO,20180
20,OAXACA,515,SANTO DOMINGO TEHUANTEPEC,20515
20,OAXACA,285,SAN MIGUEL TLACAMAMA,20285
12,GUERRERO,29,CHILPANCINGO DE LOS BRAVO,12029
27,TABASCO,13,NACAJUCA,27013
13,HIDALGO,8,APAN,13008
20,OAXACA,215,SAN JUAN SAYULTEPEC,20215
24,SAN LUIS POTOSÍ,43,TIERRA NUEVA,24043
12,GUERRERO,23,CUAJINICUILAPA,12023
12,GUERRERO,57,TÉCPAN DE GALEANA,12057
20,OAXACA,338,VILLA DE ETLA,20338
19,NUEVO LEÓN,16,DOCTOR GONZÁLEZ,19016
21,PUEBLA,125,SAN GREGORIO ATZOMPA,21125
18,NAYARIT,16,TECUALA,18016
21,PUEBLA,81,IXCAMILPA DE GUERRERO,21081
13,HIDALGO,2,ACAXOCHITLÁN,13002
20,OAXACA,525,SANTO DOMINGO ZANATEPEC,20525
20,OAXACA,393,SANTA LUCÍA OCOTLÁN,20393
26,SONORA,21,LA COLORADA,26021
16,MICHOACÁN DE OCAMPO,41,IRIMBO,16041
29,TLAXCALA,20,SANCTÓRUM DE LÁZARO CÁRDENAS,29020
20,OAXACA,13,CIÉNEGA DE ZIMATLÁN,20013
20,OAXACA,390,SANTA LUCÍA DEL CAMINO,20390
20,OAXACA,378,SANTA CRUZ MIXTEPEC,20378
20,OAXACA,472,SANTIAGO LAOLLAGA,20472
14,JALISCO,101,TONALÁ,14101
16,MICHOACÁN DE OCAMPO,45,JIQUILPAN,16045
16,MICHOACÁN DE OCAMPO,43,JACONA,16043
20,OAXACA,483,SANTIAGO SUCHILQUITONGO,20483
26,SONORA,64,TRINCHERAS,26064
27,TABASCO,5,COMALCALCO,27005
32,ZACATECAS,18,HUANUSCO,32018
18,NAYARIT,10,ROSAMORADA,18010
5,COAHUILA DE ZARAGOZA,32,SAN JUAN DE SABINAS,05032
28,TAMAULIPAS,7,CAMARGO,28007
26,SONORA,34,HUÉPAC,26034
26,SONORA,25,EMPALME,26025
12,GUERRERO,18,COPALA,12018
21,PUEBLA,141,SAN PEDRO YELOIXTLAHUACA,21141
15,MÉXICO,93,TEPETLAOXTOC,15093
13,HIDALGO,42,MOLANGO DE ESCAMILLA,13042
15,MÉXICO,71,POLOTITLÁN,15071
6,COLIMA,9,TECOMÁN,06009
8,CHIHUAHUA,7,BALLEZA,08007
13,HIDALGO,63,TEPEJI DEL RÍO DE OCAMPO,13063
16,MICHOACÁN DE OCAMPO,95,TOCUMBO,16095
15,MÉXICO,72,RAYÓN,15072
29,TLAXCALA,25,SAN PABLO DEL MONTE,29025
8,CHIHUAHUA,34,IGNACIO ZARAGOZA,08034
11,GUANAJUATO,22,OCAMPO,11022
29,TLAXCALA,13,HUAMANTLA,29013
16,MICHOACÁN DE OCAMPO,63,PANINDÍCUARO,16063
17,MORELOS,8,EMILIANO ZAPATA,17008
31,YUCATÁN,32,ESPITA,31032
30,VERACRUZ DE IGNACIO DE LA LLAVE,13,NARANJOS AMATLÁN,30013
7,CHIAPAS,19,COMITÁN DE DOMÍNGUEZ,07019
21,PUEBLA,205,YEHUALTEPEC,21205
21,PUEBLA,74,HUEJOTZINGO,21074
31,YUCATÁN,58,PETO,31058
21,PUEBLA,179,TLACHICHUCA,21179
30,VERACRUZ DE IGNACIO DE LA LLAVE,134,PUENTE NACIONAL,30134
30,VERACRUZ DE IGNACIO DE LA LLAVE,126,PASO DE OVEJAS,30126
20,OAXACA,23,CUILÁPAM DE GUERRERO,20023
14,JALISCO,11,ATENGO,14011
21,PUEBLA,65,GENERAL FELIPE ÁNGELES,21065
21,PUEBLA,189,TOCHTEPEC,21189
32,ZACATECAS,46,TEPETONGO,32046
31,YUCATÁN,93,TIXKOKOB,31093
21,PUEBLA,4,ACATZINGO,21004
18,NAYARIT,2,AHUACATLÁN,18002
5,COAHUILA DE ZARAGOZA,8,ESCOBEDO,05008
14,JALISCO,25,COLOTLÁN,14025
31,YUCATÁN,100,UCÚ,31100
26,SONORA,14,BAVIÁCORA,26014
18,NAYARIT,8,XALISCO,18008
31,YUCATÁN,47,MANÍ,31047
31,YUCATÁN,104,YAXCABÁ,31104
21,PUEBLA,181,TLALTENANGO,21181
21,PUEBLA,99,CAÑADA MORELOS,21099
15,MÉXICO,29,CHICOLOAPAN,15029
26,SONORA,48,PUERTO PEÑASCO,26048
17,MORELOS,28,XOCHITEPEC,17028
15,MÉXICO,100,TEZOYUCA,15100
21,PUEBLA,41,CUAUTLANCINGO,21041
31,YUCATÁN,69,SOTUTA,31069
21,PUEBLA,120,SAN ANTONIO CAÑADA,21120
21,PUEBLA,153,TECALI DE HERRERA,21153
30,VERACRUZ DE IGNACIO DE LA LLAVE,100,MANLIO FABIO ALTAMIRANO,30100
14,JALISCO,118,YAHUALICA DE GONZÁLEZ GALLO,14118
27,TABASCO,11,JONUTA,27011
16,MICHOACÁN DE OCAMPO,54,MORELOS,16054
21,PUEBLA,132,SAN MARTÍN TEXMELUCAN,21132
7,CHIAPAS,114,BENEMÉRITO DE LAS AMÉRICAS,07114
16,MICHOACÁN DE OCAMPO,38,HUETAMO,16038
8,CHIHUAHUA,56,ROSARIO,08056
13,HIDALGO,16,CUAUTEPEC DE HINOJOSA,13016
29,TLAXCALA,8,CUAPIAXTLA,29008
21,PUEBLA,102,NEALTICAN,21102
20,OAXACA,51,MAGDALENA TEITIPAC,20051
21,PUEBLA,106,OCOYUCAN,21106
24,SAN LUIS POTOSÍ,15,CHARCAS,24015
21,PUEBLA,211,ZARAGOZA,21211
27,TABASCO,1,BALANCÁN,27001
11,GUANAJUATO,41,URIANGATO,11041
30,VERACRUZ DE IGNACIO DE LA LLAVE,86,JALACINGO,30086
30,VERACRUZ DE IGNACIO DE LA LLAVE,121,OZULUAMA DE MASCAREÑAS,30121
31,YUCATÁN,60,QUINTANA ROO,31060
31,YUCATÁN,80,TEKIT,31080
6,COLIMA,1,ARMERÍA,06001
21,PUEBLA,112,PETLALCINGO,21112
11,GUANAJUATO,13,DOCTOR MORA,11013
27,TABASCO,14,PARAÍSO,27014
14,JALISCO,116,VILLA HIDALGO,14116
16,MICHOACÁN DE OCAMPO,91,TINGÜINDÍN,16091
31,YUCATÁN,28,DZILAM DE BRAVO,31028
31,YUCATÁN,53,MUNA,31053
30,VERACRUZ DE IGNACIO DE LA LLAVE,101,MARIANO ESCOBEDO,30101
12,GUERRERO,58,TELOLOAPAN,12058
31,YUCATÁN,61,RÍO LAGARTOS,31061
31,YUCATÁN,8,CALOTMUL,31008
31,YUCATÁN,102,VALLADOLID,31102
31,YUCATÁN,30,DZITÁS,31030
31,YUCATÁN,57,PANABÁ,31057
21,PUEBLA,40,CUAUTINCHÁN,21040
31,YUCATÁN,79,TEKAX,31079
31,YUCATÁN,72,SUMA,31072
31,YUCATÁN,56,OXKUTZCAB,31056
31,YUCATÁN,85,TEMOZÓN,31085
31,YUCATÁN,2,ACANCEH,31002
31,YUCATÁN,48,MAXCANÚ,31048
30,VERACRUZ DE IGNACIO DE LA LLAVE,39,COATZACOALCOS,30039
20,OAXACA,44,LOMA BONITA,20044
18,NAYARIT,6,IXTLÁN DEL RÍO,18006
31,YUCATÁN,7,CACALCHÉN,31007
31,YUCATÁN,42,KANTUNIL,31042
31,YUCATÁN,91,TINUM,31091
13,HIDALGO,56,SANTIAGO TULANTEPEC DE LUGO GUERRERO,13056
31,YUCATÁN,65,SAN FELIPE,31065
31,YUCATÁN,16,CHACSINKÍN,31016
31,YUCATÁN,12,CENOTILLO,31012
31,YUCATÁN,77,TEKAL DE VENEGAS,31077
16,MICHOACÁN DE OCAMPO,11,BRISEÑAS,16011
31,YUCATÁN,101,UMÁN,31101
30,VERACRUZ DE IGNACIO DE LA LLAVE,66,ESPINAL,30066
14,JALISCO,96,TIZAPÁN EL ALTO,14096
31,YUCATÁN,19,CHEMAX,31019
31,YUCATÁN,76,TECOH,31076
30,VERACRUZ DE IGNACIO DE LA LLAVE,45,COSAMALOAPAN DE CARPIO,30045
21,PUEBLA,209,ZAPOTITLÁN,21209
26,SONORA,61,SOYOPA,26061
21,PUEBLA,82,IXCAQUIXTLA,21082
31,YUCATÁN,95,TIXPÉHUAL,31095
31,YUCATÁN,68,SINANCHÉ,31068
13,HIDALGO,11,ATLAPEXCO,13011
16,MICHOACÁN DE OCAMPO,39,HUIRAMBA,16039
26,SONORA,57,SAN PEDRO DE LA CUEVA,26057
21,PUEBLA,152,SOLTEPEC,21152
21,PUEBLA,47,CHIAUTLA,21047
21,PUEBLA,214,ZINACATEPEC,21214
26,SONORA,3,ÁLAMOS,26003
11,GUANAJUATO,6,ATARJEA,11006
21,PUEBLA,35,COXCATLÁN,21035
30,VERACRUZ DE IGNACIO DE LA LLAVE,50,COXQUIHUI,30050
24,SAN LUIS POTOSÍ,55,ZARAGOZA,24055
26,SONORA,1,ACONCHI,26001
30,VERACRUZ DE IGNACIO DE LA LLAVE,90,JAMAPA,30090
30,VERACRUZ DE IGNACIO DE LA LLAVE,4,ACTOPAN,30004
30,VERACRUZ DE IGNACIO DE LA LLAVE,189,TUXPAN,30189
26,SONORA,52,SAHUARIPA,26052
31,YUCATÁN,20,CHICXULUB PUEBLO,31020
31,YUCATÁN,75,TEABO,31075
4,CAMPECHE,7,PALIZADA,04007
29,TLAXCALA,19,TEPETITLA DE LARDIZÁBAL,29019
26,SONORA,32,HUÁSABAS,26032
14,JALISCO,57,LA MANZANILLA DE LA PAZ,14057
31,YUCATÁN,89,TICUL,31089
28,TAMAULIPAS,33,RÍO BRAVO,28033
26,SONORA,13,BANÁMICHI,26013
11,GUANAJUATO,21,MOROLEÓN,11021
20,OAXACA,244,SAN MARTÍN TOXPALAN,20244
8,CHIHUAHUA,44,MATAMOROS,08044
26,SONORA,5,ARIVECHI,26005
8,CHIHUAHUA,12,CARICHÍ,08012
31,YUCATÁN,46,MAMA,31046
26,SONORA,72,SAN IGNACIO RÍO MUERTO,26072
16,MICHOACÁN DE OCAMPO,28,CHURINTZIO,16028
8,CHIHUAHUA,61,SATEVÓ,08061
29,TLAXCALA,54,SAN LORENZO AXOCOMANITLA,29054
27,TABASCO,7,EMILIANO ZAPATA,27007
32,ZACATECAS,22,JUAN ALDAMA,32022
8,CHIHUAHUA,26,GRAN MORELOS,08026
26,SONORA,39,NACO,26039
23,QUINTANA ROO,7,LÁZARO CÁRDENAS,23007
31,YUCATÁN,105,YAXKUKUL,31105
29,TLAXCALA,3,ATLANGATEPEC,29003
26,SONORA,19,CANANEA,26019
30,VERACRUZ DE IGNACIO DE LA LLAVE,77,ISLA,30077
25,SINALOA,18,NAVOLATO,25018
27,TABASCO,17,TENOSIQUE,27017
21,PUEBLA,97,MIXTLA,21097
12,GUERRERO,11,ATOYAC DE ÁLVAREZ,12011
22,QUERÉTARO,13,PEÑAMILLER,22013
26,SONORA,63,TEPACHE,26063
4,CAMPECHE,10,CALAKMUL,04010
8,CHIHUAHUA,53,PRAXEDIS G. GUERRERO,08053
13,HIDALGO,22,EPAZOYUCAN,13022
30,VERACRUZ DE IGNACIO DE LA LLAVE,135,RAFAEL DELGADO,30135
19,NUEVO LEÓN,40,PARÁS,19040
29,TLAXCALA,24,PANOTLA,29024
15,MÉXICO,53,MELCHOR OCAMPO,15053
11,GUANAJUATO,10,CORONEO,11010
20,OAXACA,545,TEOTITLÁN DE FLORES MAGÓN,20545
26,SONORA,68,VILLA PESQUEIRA,26068
8,CHIHUAHUA,40,MADERA,08040
14,JALISCO,84,TALPA DE ALLENDE,14084
21,PUEBLA,143,SAN SALVADOR EL VERDE,21143
14,JALISCO,34,EJUTLA,14034
8,CHIHUAHUA,63,TEMÓSACHIC,08063
26,SONORA,53,SAN FELIPE DE JESÚS,26053
16,MICHOACÁN DE OCAMPO,22,CHARO,16022
31,YUCATÁN,9,CANSAHCAB,31009
31,YUCATÁN,38,HUNUCMÁ,31038
31,YUCATÁN,62,SACALUM,31062
14,JALISCO,106,TUXCACUESCO,14106
16,MICHOACÁN DE OCAMPO,40,INDAPARAPEO,16040
31,YUCATÁN,3,AKIL,31003
29,TLAXCALA,21,NANACAMILPA DE MARIANO ARISTA,29021
16,MICHOACÁN DE OCAMPO,51,MARCOS CASTELLANOS,16051
32,ZACATECAS,1,APOZOL,32001
26,SONORA,16,BENJAMÍN HILL,26016
4,CAMPECHE,8,TENABO,04008
15,MÉXICO,28,CHIAUTLA,15028
31,YUCATÁN,13,CONKAL,31013
31,YUCATÁN,5,BOKOBÁ,31005
15,MÉXICO,81,TECÁMAC,15081
21,PUEBLA,59,CHINANTLA,21059
29,TLAXCALA,23,NATÍVITAS,29023
8,CHIHUAHUA,60,SANTA BÁRBARA,08060
25,SINALOA,4,CONCORDIA,25004
32,ZACATECAS,8,CUAUHTÉMOC,32008
7,CHIAPAS,52,LAS MARGARITAS,07052
28,TAMAULIPAS,42,VILLAGRÁN,28042
26,SONORA,37,MAZATÁN,26037
31,YUCATÁN,78,TEKANTÓ,31078
21,PUEBLA,201,XOCHILTEPEC,21201
21,PUEBLA,126,SAN JERÓNIMO TECUANIPAN,21126
29,TLAXCALA,30,TERRENATE,29030
20,OAXACA,401,SANTA MARÍA COLOTEPEC,20401
8,CHIHUAHUA,47,MORIS,08047
8,CHIHUAHUA,43,MATACHÍ,08043
9,CIUDAD DE MÉXICO,2,AZCAPOTZALCO,09002
13,HIDALGO,41,MIXQUIAHUALA DE JUÁREZ,13041
31,YUCATÁN,14,CUNCUNUL,31014
31,YUCATÁN,63,SAMAHIL,31063
7,CHIAPAS,20,LA CONCORDIA,07020
14,JALISCO,41,HUEJÚCAR,14041
31,YUCATÁN,86,TEPAKÁN,31086
13,HIDALGO,19,CHILCUAUTLA,13019
14,JALISCO,27,CUAUTITLÁN DE GARCÍA BARRAGÁN,14027
8,CHIHUAHUA,22,DR. BELISARIO DOMÍNGUEZ,08022
31,YUCATÁN,26,DZEMUL,31026
13,HIDALGO,65,TETEPANGO,13065
20,OAXACA,530,SANTO TOMÁS JALIEZA,20530
7,CHIAPAS,9,ARRIAGA,07009
12,GUERRERO,46,OMETEPEC,12046
31,YUCATÁN,18,CHAPAB,31018
21,PUEBLA,93,LAFRAGUA,21093
31,YUCATÁN,39,IXIL,31039
32,ZACATECAS,31,MONTE ESCOBEDO,32031
31,YUCATÁN,25,DZÁN,31025
16,MICHOACÁN DE OCAMPO,4,ANGAMACUTIRO,16004
32,ZACATECAS,45,TEPECHITLÁN,32045
32,ZACATECAS,41,EL SALVADOR,32041
26,SONORA,33,HUATABAMPO,26033
20,OAXACA,140,SAN FRANCISCO CHINDÚA,20140
15,MÉXICO,24,CUAUTITLÁN,15024
7,CHIAPAS,78,SAN CRISTÓBAL DE LAS CASAS,07078
17,MORELOS,11,JIUTEPEC,17011
12,GUERRERO,13,AZOYÚ,12013
12,GUERRERO,38,ZIHUATANEJO DE AZUETA,12038
31,YUCATÁN,87,TETIZ,31087
21,PUEBLA,169,TEPEXI DE RODRÍGUEZ,21169
29,TLAXCALA,15,IXTACUIXTLA DE MARIANO MATAMOROS,29015
17,MORELOS,24,TLALTIZAPÁN DE ZAPATA,17024
24,SAN LUIS POTOSÍ,8,CERRITOS,24008
20,OAXACA,46,MAGDALENA JALTEPEC,20046
15,MÉXICO,82,TEJUPILCO,15082
24,SAN LUIS POTOSÍ,58,EL NARANJO,24058
31,YUCATÁN,71,SUDZAL,31071
31,YUCATÁN,21,CHICHIMILÁ,31021
20,OAXACA,546,TEOTITLÁN DEL VALLE,20546
20,OAXACA,324,SAN PEDRO POCHUTLA,20324
20,OAXACA,375,SANTA CRUZ AMILPAS,20375
24,SAN LUIS POTOSÍ,23,RAYÓN,24023
24,SAN LUIS POTOSÍ,53,AXTLA DE TERRAZAS,24053
16,MICHOACÁN DE OCAMPO,105,VISTA HERMOSA,16105
24,SAN LUIS POTOSÍ,30,SAN NICOLÁS TOLENTINO,24030
14,JALISCO,12,ATENGUILLO,14012
8,CHIHUAHUA,27,GUACHOCHI,08027
11,GUANAJUATO,19,JERÉCUARO,11019
7,CHIAPAS,47,JITOTOL,07047
12,GUERRERO,80,JUCHITÁN,12080
7,CHIAPAS,79,SAN FERNANDO,07079
31,YUCATÁN,34,HOCABÁ,31034
16,MICHOACÁN DE OCAMPO,13,CARÁCUARO,16013
16,MICHOACÁN DE OCAMPO,58,NUEVO PARANGARICUTIRO,16058
15,MÉXICO,20,COACALCO DE BERRIOZÁBAL,15020
16,MICHOACÁN DE OCAMPO,44,JIMÉNEZ,16044
13,HIDALGO,57,SINGUILUCAN,13057
21,PUEBLA,203,XOCHITLÁN TODOS SANTOS,21203
17,MORELOS,31,ZACATEPEC,17031
25,SINALOA,7,CHOIX,25007
16,MICHOACÁN DE OCAMPO,77,SAN LUCAS,16077
15,MÉXICO,92,TEOTIHUACÁN,15092
12,GUERRERO,51,QUECHULTENANGO,12051
31,YUCATÁN,45,KOPOMÁ,31045
12,GUERRERO,12,AYUTLA DE LOS LIBRES,12012
28,TAMAULIPAS,3,ALTAMIRA,28003
29,TLAXCALA,5,APIZACO,29005
31,YUCATÁN,23,CHOCHOLÁ,31023
16,MICHOACÁN DE OCAMPO,33,GABRIEL ZAMORA,16033
29,TLAXCALA,31,TETLA DE LA SOLIDARIDAD,29031
24,SAN LUIS POTOSÍ,13,CIUDAD VALLES,24013
31,YUCATÁN,55,OPICHÉN,31055
30,VERACRUZ DE IGNACIO DE LA LLAVE,176,TLACOJALPAN,30176
31,YUCATÁN,90,TIMUCUY,31090
16,MICHOACÁN DE OCAMPO,59,NUEVO URECHO,16059
21,PUEBLA,138,SAN NICOLÁS DE LOS RANCHOS,21138
30,VERACRUZ DE IGNACIO DE LA LLAVE,169,JOSÉ AZUETA,30169
15,MÉXICO,39,IXTAPALUCA,15039
30,VERACRUZ DE IGNACIO DE LA LLAVE,87,XALAPA,30087
32,ZACATECAS,53,VILLA GONZÁLEZ ORTEGA,32053
31,YUCATÁN,94,TIXMEHUAC,31094
7,CHIAPAS,32,ESCUINTLA,07032
32,ZACATECAS,30,MOMAX,32030
32,ZACATECAS,6,CAÑITAS DE FELIPE PESCADOR,32006
32,ZACATECAS,2,APULCO,32002
16,MICHOACÁN DE OCAMPO,14,COAHUAYANA,16014
31,YUCATÁN,35,HOCTÚN,31035
16,MICHOACÁN DE OCAMPO,62,PAJACUARÁN,16062
31,YUCATÁN,41,KANASÍN,31041
15,MÉXICO,35,HUEHUETOCA,15035
20,OAXACA,39,HEROICA CIUDAD DE HUAJUAPAN DE LEÓN,20039
32,ZACATECAS,58,SANTA MARÍA DE LA PAZ,32058
21,PUEBLA,60,DOMINGO ARENAS,21060
32,ZACATECAS,34,NOCHISTLÁN DE MEJÍA,32034
31,YUCATÁN,51,MOCOCHÁ,31051
31,YUCATÁN,31,DZONCAUICH,31031
29,TLAXCALA,2,APETATITLÁN DE ANTONIO CARVAJAL,29002
29,TLAXCALA,36,TOTOLAC,29036
14,JALISCO,71,SAN CRISTÓBAL DE LA BARRANCA,14071
21,PUEBLA,193,TZICATLACOYAN,21193
18,NAYARIT,14,SANTA MARÍA DEL ORO,18014
31,YUCATÁN,88,TEYA,31088
12,GUERRERO,50,PUNGARABATO,12050
12,GUERRERO,77,MARQUELIA,12077
21,PUEBLA,10,AJALPAN,21010
21,PUEBLA,196,XAYACATLÁN DE BRAVO,21196
9,CIUDAD DE MÉXICO,5,GUSTAVO A. MADERO,09005
29,TLAXCALA,29,TEPEYANCO,29029
20,OAXACA,462,SANTIAGO HUAJOLOTITLÁN,20462
14,JALISCO,37,EL GRULLO,14037
20,OAXACA,345,SAN SEBASTIÁN IXCAPA,20345
24,SAN LUIS POTOSÍ,14,COXCATLÁN,24014
28,TAMAULIPAS,22,MATAMOROS,28022
31,YUCATÁN,74,TAHMEK,31074
13,HIDALGO,69,TIZAYUCA,13069
15,MÉXICO,91,TEOLOYUCAN,15091
12,GUERRERO,21,COYUCA DE BENÍTEZ,12021
20,OAXACA,176,SAN JUAN BAUTISTA COIXTLAHUACA,20176
7,CHIAPAS,59,OCOSINGO,07059
5,COAHUILA DE ZARAGOZA,1,ABASOLO,05001
30,VERACRUZ DE IGNACIO DE LA LLAVE,65,EMILIANO ZAPATA,30065
20,OAXACA,400,SANTA MARÍA CAMOTLÁN,20400
18,NAYARIT,19,LA YESCA,18019
7,CHIAPAS,8,ÁNGEL ALBINO CORZO,07008
32,ZACATECAS,48,TLALTENANGO DE SÁNCHEZ ROMÁN,32048
31,YUCATÁN,106,YOBAÍN,31106
5,COAHUILA DE ZARAGOZA,2,ACUÑA,05002
21,PUEBLA,134,SAN MATÍAS TLALANCALECA,21134
31,YUCATÁN,15,CUZAMÁ,31015
21,PUEBLA,73,HUEHUETLÁN EL CHICO,21073
31,YUCATÁN,36,HOMÚN,31036
12,GUERRERO,79,JOSÉ JOAQUÍN DE HERRERA,12079
29,TLAXCALA,38,TZOMPANTEPEC,29038
15,MÉXICO,22,COCOTITLÁN,15022
15,MÉXICO,103,TLALMANALCO,15103
16,MICHOACÁN DE OCAMPO,1,ACUITZIO,16001
31,YUCATÁN,59,PROGRESO,31059
21,PUEBLA,206,ZACAPALA,21206
17,MORELOS,30,YECAPIXTLA,17030
15,MÉXICO,2,ACOLMAN,15002
21,PUEBLA,53,CHIGNAHUAPAN,21053
9,CIUDAD DE MÉXICO,10,ÁLVARO OBREGÓN,09010
30,VERACRUZ DE IGNACIO DE LA LLAVE,48,COSOLEACAQUE,30048
29,TLAXCALA,44,ZACATELCO,29044
31,YUCATÁN,43,KAUA,31043
25,SINALOA,14,ROSARIO,25014
29,TLAXCALA,14,HUEYOTLIPAN,29014
29,TLAXCALA,1,AMAXAC DE GUERRERO,29001
14,JALISCO,38,GUACHINANGO,14038
16,MICHOACÁN DE OCAMPO,110,ZINAPÉCUARO,16110
20,OAXACA,79,SALINA CRUZ,20079
21,PUEBLA,9,AHUEHUETITLA,21009
31,YUCATÁN,4,BACA,31004
5,COAHUILA DE ZARAGOZA,25,PIEDRAS NEGRAS,05025
29,TLAXCALA,60,SANTA ISABEL XILOXOXTLA,29060
13,HIDALGO,12,ATOTONILCO EL GRANDE,13012
10,DURANGO,33,SÚCHIL,10033
20,OAXACA,57,MATÍAS ROMERO AVENDAÑO,20057
13,HIDALGO,51,MINERAL DE LA REFORMA,13051
15,MÉXICO,108,TULTEPEC,15108
16,MICHOACÁN DE OCAMPO,80,SENGUIO,16080
21,PUEBLA,20,ATOYATEMPAN,21020
12,GUERRERO,34,HUITZUCO DE LOS FIGUEROA,12034
21,PUEBLA,42,CUAYUCA DE ANDRADE,21042
29,TLAXCALA,53,SAN JUAN HUACTZINCO,29053
21,PUEBLA,37,COYOTEPEC,21037
32,ZACATECAS,57,TRANCOSO,32057
29,TLAXCALA,43,YAUHQUEMEHCAN,29043
15,MÉXICO,95,TEPOTZOTLÁN,15095
30,VERACRUZ DE IGNACIO DE LA LLAVE,211,SAN RAFAEL,30211
16,MICHOACÁN DE OCAMPO,73,QUIROGA,16073
20,OAXACA,70,PINOTEPA DE DON LUIS,20070
29,TLAXCALA,6,CALPULALPAN,29006
16,MICHOACÁN DE OCAMPO,48,LAGUNILLAS,16048
31,YUCATÁN,92,TIXCACALCUPUL,31092
20,OAXACA,185,SAN JUAN CACAHUATEPEC,20185
15,MÉXICO,57,NAUCALPAN DE JUÁREZ,15057
20,OAXACA,203,SAN JUAN LACHIGALLA,20203
31,YUCATÁN,37,HUHÍ,31037
8,CHIHUAHUA,57,SAN FRANCISCO DE BORJA,08057
24,SAN LUIS POTOSÍ,41,TANLAJÁS,24041
31,YUCATÁN,99,UAYMA,31099
17,MORELOS,13,JONACATEPEC DE LEANDRO VALLE,17013
15,MÉXICO,13,ATIZAPÁN DE ZARAGOZA,15013
21,PUEBLA,46,CHAPULCO,21046
21,PUEBLA,70,HUATLATLAUCA,21070
17,MORELOS,29,YAUTEPEC,17029
32,ZACATECAS,12,GENARO CODINA,32012
29,TLAXCALA,32,TETLATLAHUCA,29032
29,TLAXCALA,42,XICOHTZINCO,29042
17,MORELOS,12,JOJUTLA,17012
24,SAN LUIS POTOSÍ,12,TANCANHUITZ,24012
31,YUCATÁN,10,CANTAMAYEC,31010
17,MORELOS,7,CUERNAVACA,17007
30,VERACRUZ DE IGNACIO DE LA LLAVE,149,SOTEAPAN,30149
32,ZACATECAS,4,BENITO JUÁREZ,32004
15,MÉXICO,10,APAXCO,15010
21,PUEBLA,1,ACAJETE,21001
20,OAXACA,353,SANTA ANA,20353
15,MÉXICO,109,TULTITLÁN,15109
15,MÉXICO,6,ALMOLOYA DEL RÍO,15006
16,MICHOACÁN DE OCAMPO,81,SUSUPUATO,16081
31,YUCATÁN,11,CELESTÚN,31011
21,PUEBLA,15,AMOZOC,21015
21,PUEBLA,92,JUAN N. MÉNDEZ,21092
13,HIDALGO,3,ACTOPAN,13003
14,JALISCO,20,CABO CORRIENTES,14020
9,CIUDAD DE MÉXICO,6,IZTACALCO,09006
29,TLAXCALA,59,SANTA CRUZ QUILEHTLA,29059
21,PUEBLA,90,JUAN C. BONILLA,21090
15,MÉXICO,112,VILLA DEL CARBÓN,15112
15,MÉXICO,21,COATEPEC HARINAS,15021
21,PUEBLA,166,TEPEOJUMA,21166
5,COAHUILA DE ZARAGOZA,13,HIDALGO,05013
14,JALISCO,117,CAÑADAS DE OBREGÓN,14117
13,HIDALGO,75,TOLCAYUCA,13075
15,MÉXICO,75,SAN MARTÍN DE LAS PIRÁMIDES,15075
30,VERACRUZ DE IGNACIO DE LA LLAVE,38,COATEPEC,30038
10,DURANGO,28,SAN JUAN DEL RÍO,10028
24,SAN LUIS POTOSÍ,27,SAN CIRO DE ACOSTA,24027
17,MORELOS,20,TEPOZTLÁN,17020
9,CIUDAD DE MÉXICO,7,IZTAPALAPA,09007
15,MÉXICO,16,AXAPUSCO,15016
14,JALISCO,54,EL LIMÓN,14054
5,COAHUILA DE ZARAGOZA,14,JIMÉNEZ,05014
7,CHIAPAS,16,CATAZAJÁ,07016
20,OAXACA,318,SAN PEDRO MIXTEPEC,20318
30,VERACRUZ DE IGNACIO DE LA LLAVE,160,ÁLAMO TEMAPACHE,30160
30,VERACRUZ DE IGNACIO DE LA LLAVE,91,JESÚS CARRANZA,30091
20,OAXACA,190,SAN JUAN COTZOCÓN,20190
24,SAN LUIS POTOSÍ,6,CATORCE,24006
15,MÉXICO,65,OTUMBA,15065
21,PUEBLA,128,SAN JOSÉ CHIAPA,21128
13,HIDALGO,21,EMILIANO ZAPATA,13021
30,VERACRUZ DE IGNACIO DE LA LLAVE,141,SAN ANDRÉS TUXTLA,30141
13,HIDALGO,48,PACHUCA DE SOTO,13048
20,OAXACA,101,SAN ANDRÉS ZABACHE,20101
29,TLAXCALA,11,MUÑOZ DE DOMINGO ARENAS,29011
31,YUCATÁN,103,XOCCHEL,31103
30,VERACRUZ DE IGNACIO DE LA LLAVE,43,COMAPA,30043
15,MÉXICO,118,ZINACANTEPEC,15118
15,MÉXICO,31,CHIMALHUACÁN,15031
20,OAXACA,154,SAN ILDEFONSO AMATLÁN,20154
20,OAXACA,351,SAN SIMÓN ALMOLONGAS,20351
20,OAXACA,384,SANTA CRUZ XITLA,20384
32,ZACATECAS,3,ATOLINGA,32003
5,COAHUILA DE ZARAGOZA,10,FRONTERA,05010
5,COAHUILA DE ZARAGOZA,34,SIERRA MOJADA,05034
16,MICHOACÁN DE OCAMPO,8,AQUILA,16008
9,CIUDAD DE MÉXICO,14,BENITO JUÁREZ,09014
21,PUEBLA,171,TEPEYAHUALCO DE CUAUHTÉMOC,21171
12,GUERRERO,27,CUTZAMALA DE PINZÓN,12027
30,VERACRUZ DE IGNACIO DE LA LLAVE,132,LAS VIGAS DE RAMÍREZ,30132
32,ZACATECAS,33,MOYAHUA DE ESTRADA,32033
13,HIDALGO,29,HUICHAPAN,13029
18,NAYARIT,7,JALA,18007
15,MÉXICO,9,AMECAMECA,15009
31,YUCATÁN,66,SANTA ELENA,31066
13,HIDALGO,10,ATITALAQUIA,13010
15,MÉXICO,46,JILOTZINGO,15046
7,CHIAPAS,102,TUXTLA CHICO,07102
15,MÉXICO,67,OTZOLOTEPEC,15067
17,MORELOS,25,TLAQUILTENANGO,17025
29,TLAXCALA,28,TEOLOCHOLCO,29028
8,CHIHUAHUA,59,SAN FRANCISCO DEL ORO,08059
29,TLAXCALA,34,TLAXCO,29034
30,VERACRUZ DE IGNACIO DE LA LLAVE,44,CÓRDOBA,30044
21,PUEBLA,121,SAN DIEGO LA MESA TOCHIMILTZINGO,21121
30,VERACRUZ DE IGNACIO DE LA LLAVE,142,SAN JUAN EVANGELISTA,30142
29,TLAXCALA,35,TOCATLÁN,29035
7,CHIAPAS,37,HUEHUETÁN,07037
20,OAXACA,369,SANTA CATARINA QUIANÉ,20369
15,MÉXICO,84,TEMASCALAPA,15084
7,CHIAPAS,44,IXTAPA,07044
24,SAN LUIS POTOSÍ,46,VILLA DE ARRIAGA,24046
21,PUEBLA,55,CHILA,21055
21,PUEBLA,51,CHIETLA,21051
29,TLAXCALA,10,CHIAUTEMPAN,29010
13,HIDALGO,15,CARDONAL,13015
29,TLAXCALA,27,TENANCINGO,29027
30,VERACRUZ DE IGNACIO DE LA LLAVE,9,ALTO LUCERO DE GUTIÉRREZ BARRIOS,30009
15,MÉXICO,17,AYAPANGO,15017
28,TAMAULIPAS,1,ABASOLO,28001
28,TAMAULIPAS,28,NUEVO MORELOS,28028
7,CHIAPAS,1,ACACOYAGUA,07001
30,VERACRUZ DE IGNACIO DE LA LLAVE,183,TLAPACOYAN,30183
13,HIDALGO,36,SAN AGUSTÍN METZQUITITLÁN,13036
15,MÉXICO,30,CHICONCUAC,15030
30,VERACRUZ DE IGNACIO DE LA LLAVE,61,LAS CHOAPAS,30061
12,GUERRERO,48,PETATLÁN,12048
21,PUEBLA,22,ATZITZIHUACÁN,21022
23,QUINTANA ROO,1,COZUMEL,23001
31,YUCATÁN,81,TEKOM,31081
12,GUERRERO,22,COYUCA DE CATALÁN,12022
30,VERACRUZ DE IGNACIO DE LA LLAVE,192,VEGA DE ALATORRE,30192
16,MICHOACÁN DE OCAMPO,98,TUXPAN,16098
30,VERACRUZ DE IGNACIO DE LA LLAVE,59,CHINAMECA,30059
28,TAMAULIPAS,18,JIMÉNEZ,28018
17,MORELOS,4,AYALA,17004
30,VERACRUZ DE IGNACIO DE LA LLAVE,82,IXHUATLÁN DEL SURESTE,30082
30,VERACRUZ DE IGNACIO DE LA LLAVE,117,OMEALCA,30117
13,HIDALGO,61,TEPEAPULCO,13061
28,TAMAULIPAS,29,OCAMPO,28029
14,JALISCO,65,PIHUAMO,14065
20,OAXACA,162,SAN JERÓNIMO TAVICHE,20162
24,SAN LUIS POTOSÍ,3,AQUISMÓN,24003
30,VERACRUZ DE IGNACIO DE LA LLAVE,23,ATZALAN,30023
14,JALISCO,81,SANTA MARÍA DE LOS ÁNGELES,14081
15,MÉXICO,79,SOYANIQUILPAN DE JUÁREZ,15079
20,OAXACA,492,SANTIAGO TILANTONGO,20492
30,VERACRUZ DE IGNACIO DE LA LLAVE,188,TOTUTLA,30188
7,CHIAPAS,106,VENUSTIANO CARRANZA,07106
21,PUEBLA,212,ZAUTLA,21212
21,PUEBLA,48,CHIAUTZINGO,21048
17,MORELOS,1,AMACUZAC,17001
20,OAXACA,237,SAN MARCOS ARTEAGA,20237
21,PUEBLA,130,SAN JUAN ATENCO,21130
20,OAXACA,181,SAN JUAN BAUTISTA SUCHITEPEC,20181
20,OAXACA,549,"HEROICA VILLA TEZOATLÁN DE SEGURA Y LUNA, CUNA DE LA INDEPENDENCIA DE OAXACA",20549
20,OAXACA,22,COSOLTEPEC,20022
20,OAXACA,456,SANTIAGO CACALOXTEPEC,20456
20,OAXACA,224,SAN JUAN YUCUITA,20224
20,OAXACA,404,SANTA MARÍA CHACHOÁPAM,20404
21,PUEBLA,168,TEPEXCO,21168
20,OAXACA,493,SANTIAGO TILLO,20493
15,MÉXICO,85,TEMASCALCINGO,15085
21,PUEBLA,96,MAZAPILTEPEC DE JUÁREZ,21096
21,PUEBLA,62,EPATLÁN,21062
12,GUERRERO,40,LEONARDO BRAVO,12040
12,GUERRERO,75,EDUARDO NERI,12075
17,MORELOS,5,COATLÁN DEL RÍO,17005
20,OAXACA,102,SAN ANDRÉS ZAUTLA,20102
21,PUEBLA,151,SANTO TOMÁS HUEYOTLIPAN,21151
7,CHIAPAS,68,PICHUCALCO,07068
17,MORELOS,2,ATLATLAHUCAN,17002
26,SONORA,31,HUACHINERA,26031
15,MÉXICO,47,JIQUIPILCO,15047
17,MORELOS,34,COATETELCO,17034
12,GUERRERO,32,GENERAL HELIODORO CASTILLO,12032
30,VERACRUZ DE IGNACIO DE LA LLAVE,119,OTATITLÁN,30119
21,PUEBLA,176,TILAPA,21176
12,GUERRERO,35,IGUALA DE LA INDEPENDENCIA,12035
12,GUERRERO,49,PILCAYA,12049
12,GUERRERO,60,TETIPAC,12060
12,GUERRERO,54,SAN MIGUEL TOTOLAPAN,12054
12,GUERRERO,6,APAXTLA,12006
1,AGUASCALIENTES,8,SAN JOSÉ DE GRACIA,01008
15,MÉXICO,101,TIANGUISTENCO,15101
20,OAXACA,486,VILLA TEJÚPAM DE LA UNIÓN,20486
26,SONORA,15,BAVISPE,26015
12,GUERRERO,14,BENITO JUÁREZ,12014
14,JALISCO,40,HOSTOTIPAQUILLO,14040
15,MÉXICO,86,TEMASCALTEPEC,15086
10,DURANGO,22,POANAS,10022
12,GUERRERO,45,OLINALÁ,12045
12,GUERRERO,61,TIXTLA DE GUERRERO,12061
12,GUERRERO,28,CHILAPA DE ÁLVAREZ,12028
12,GUERRERO,19,COPALILLO,12019
12,GUERRERO,42,MÁRTIR DE CUILAPAN,12042
12,GUERRERO,2,AHUACUOTZINGO,12002
20,OAXACA,531,SANTO TOMÁS MAZALTEPEC,20531
20,OAXACA,560,VILLA DÍAZ ORDAZ,20560
21,PUEBLA,129,SAN JOSÉ MIAHUATLÁN,21129
16,MICHOACÁN DE OCAMPO,15,COALCOMÁN DE VÁZQUEZ PALLARES,16015
12,GUERRERO,3,AJUCHITLÁN DEL PROGRESO,12003
13,HIDALGO,39,MINERAL DEL MONTE,13039
13,HIDALGO,44,NOPALA DE VILLAGRÁN,13044
16,MICHOACÁN DE OCAMPO,34,HIDALGO,16034
12,GUERRERO,5,ALPOYECA,12005
12,GUERRERO,33,HUAMUXTITLÁN,12033
12,GUERRERO,52,SAN LUIS ACATLÁN,12052
26,SONORA,40,NÁCORI CHICO,26040
21,PUEBLA,195,VICENTE GUERRERO,21195
15,MÉXICO,88,TENANCINGO,15088
14,JALISCO,62,MIXTLÁN,14062
30,VERACRUZ DE IGNACIO DE LA LLAVE,21,ATOYAC,30021
12,GUERRERO,73,ZIRÁNDARO,12073
12,GUERRERO,44,MOCHITLÁN,12044
21,PUEBLA,175,TIANGUISMANALCO,21175
12,GUERRERO,65,TLALIXTAQUILLA DE MALDONADO,12065
31,YUCATÁN,44,KINCHIL,31044
16,MICHOACÁN DE OCAMPO,56,NAHUATZEN,16056
15,MÉXICO,124,SAN JOSÉ DEL RINCÓN,15124
30,VERACRUZ DE IGNACIO DE LA LLAVE,10,ALTOTONGA,30010
20,OAXACA,55,MARISCALA DE JUÁREZ,20055
16,MICHOACÁN DE OCAMPO,90,TINGAMBATO,16090
20,OAXACA,107,SAN ANTONIO DE LA CAL,20107
21,PUEBLA,13,ALTEPEXI,21013
17,MORELOS,6,CUAUTLA,17006
20,OAXACA,112,SAN BALTAZAR CHICHICÁPAM,20112
7,CHIAPAS,94,TEOPISCA,07094
32,ZACATECAS,7,CONCEPCIÓN DEL ORO,32007
17,MORELOS,18,TEMIXCO,17018
13,HIDALGO,6,ALFAJAYUCAN,13006
20,OAXACA,63,NAZARENO ETLA,20063
14,JALISCO,115,VILLA GUERRERO,14115
26,SONORA,9,BACANORA,26009
17,MORELOS,16,OCUITUCO,17016
17,MORELOS,33,TEMOAC,17033
20,OAXACA,15,COATECAS ALTAS,20015
13,HIDALGO,67,TEZONTEPEC DE ALDAMA,13067
20,OAXACA,397,HEROICA CIUDAD DE TLAXIACO,20397
20,OAXACA,184,SAN JUAN BAUTISTA TUXTEPEC,20184
14,JALISCO,28,CUAUTLA,14028
16,MICHOACÁN DE OCAMPO,31,EPITACIO HUERTA,16031
20,OAXACA,49,MAGDALENA OCOTLÁN,20049
20,OAXACA,89,SAN ANDRÉS DINICUITI,20089
28,TAMAULIPAS,38,TAMPICO,28038
20,OAXACA,160,SAN JERÓNIMO SILACAYOAPILLA,20160
14,JALISCO,49,JILOTLÁN DE LOS DOLORES,14049
15,MÉXICO,40,IXTAPAN DE LA SAL,15040
20,OAXACA,459,VILLA DE SANTIAGO CHAZUMBA,20459
32,ZACATECAS,9,CHALCHIHUITES,32009
14,JALISCO,80,SAN SEBASTIÁN DEL OESTE,14080
20,OAXACA,72,SAN JOSÉ DEL PROGRESO,20072
30,VERACRUZ DE IGNACIO DE LA LLAVE,195,XOXOCOTLA,30195
15,MÉXICO,56,MORELOS,15056
20,OAXACA,194,SAN JUAN DEL RÍO,20194
15,MÉXICO,107,TONATICO,15107
2,BAJA CALIFORNIA,0,SIN DATO,02000
4,CAMPECHE,13,SIN DATO,04013
20,OAXACA,197,SAN JUAN GUELAVÍA,20197
15,MÉXICO,90,TENANGO DEL VALLE,15090
15,MÉXICO,64,EL ORO,15064
10,DURANGO,38,VICENTE GUERRERO,10038
10,DURANGO,34,TAMAZULA,10034
10,DURANGO,20,PÁNUCO DE CORONADO,10020
21,PUEBLA,144,SAN SALVADOR HUIXCOLOTLA,21144
21,PUEBLA,98,MOLCAXAC,21098
21,PUEBLA,127,SAN JERÓNIMO XAYACATLÁN,21127
20,OAXACA,452,SANTIAGO APÓSTOL,20452
20,OAXACA,192,SAN JUAN CHILATECA,20192
20,OAXACA,533,SANTO TOMÁS TAMAZULAPAN,20533
5,COAHUILA DE ZARAGOZA,16,LAMADRID,05016
10,DURANGO,9,GUANACEVÍ,10009
14,JALISCO,31,CHIMALTITÁN,14031
14,JALISCO,104,TOTATICHE,14104
16,MICHOACÁN DE OCAMPO,109,ZINÁPARO,16109
28,TAMAULIPAS,17,JAUMAVE,28017
28,TAMAULIPAS,20,MAINERO,28020
28,TAMAULIPAS,31,PALMILLAS,28031
28,TAMAULIPAS,39,TULA,28039
20,OAXACA,198,SAN JUAN GUICHICOVI,20198
8,CHIHUAHUA,33,HUEJOTITÁN,08033
8,CHIHUAHUA,20,CHÍNIPAS,08020
7,CHIAPAS,34,FRONTERA COMALAPA,07034
7,CHIAPAS,30,CHICOMUSELO,07030
6,COLIMA,8,MINATITLÁN,06008
9,CIUDAD DE MÉXICO,12,TLALPAN,09012
10,DURANGO,27,SAN JUAN DE GUADALUPE,10027
10,DURANGO,29,SAN LUIS DEL CORDERO,10029
12,GUERRERO,55,TAXCO DE ALARCÓN,12055
12,GUERRERO,59,TEPECOACUILCO DE TRUJANO,12059
12,GUERRERO,17,COCULA,12017
13,HIDALGO,70,TLAHUELILPAN,13070
13,HIDALGO,17,CHAPANTONGO,13017
13,HIDALGO,66,VILLA DE TEZONTEPEC,13066
14,JALISCO,17,AYUTLA,14017
14,JALISCO,61,MEZQUITIC,14061
16,MICHOACÁN DE OCAMPO,72,QUERÉNDARO,16072
16,MICHOACÁN DE OCAMPO,99,TUZANTLA,16099
16,MICHOACÁN DE OCAMPO,93,TLALPUJAHUA,16093
16,MICHOACÁN DE OCAMPO,61,OCAMPO,16061
16,MICHOACÁN DE OCAMPO,21,CHARAPAN,16021
16,MICHOACÁN DE OCAMPO,96,TUMBISCATÍO,16096
16,MICHOACÁN DE OCAMPO,26,CHINICUILA,16026
15,MÉXICO,19,CAPULHUAC,15019
15,MÉXICO,96,TEQUIXQUIAC,15096
15,MÉXICO,26,CHAPA DE MOTA,15026
15,MÉXICO,74,SAN FELIPE DEL PROGRESO,15074
15,MÉXICO,69,PAPALOTLA,15069
15,MÉXICO,36,HUEYPOXTLA,15036
15,MÉXICO,58,NEZAHUALCÓYOTL,15058
15,MÉXICO,3,ACULCO,15003
15,MÉXICO,32,DONATO GUERRA,15032
17,MORELOS,26,TLAYACAPAN,17026
17,MORELOS,3,AXOCHIAPAN,17003
17,MORELOS,21,TETECALA,17021
17,MORELOS,15,MIACATLÁN,17015
17,MORELOS,27,TOTOLAPAN,17027
17,MORELOS,32,ZACUALPAN DE AMILPAS,17032
17,MORELOS,23,TLALNEPANTLA,17023
19,NUEVO LEÓN,5,ANÁHUAC,19005
19,NUEVO LEÓN,13,CHINA,19013
19,NUEVO LEÓN,27,LOS HERRERAS,19027
20,OAXACA,21,COSOLAPA,20021
20,OAXACA,409,SANTA MARÍA DEL TULE,20409
20,OAXACA,547,TEOTONGO,20547
20,OAXACA,349,SAN SEBASTIÁN TEITIPAC,20349
20,OAXACA,83,SAN AGUSTÍN DE LAS JUNTAS,20083
20,OAXACA,403,SANTA MARÍA COYOTEPEC,20403
20,OAXACA,174,ÁNIMAS TRUJANO,20174
20,OAXACA,178,SAN JUAN BAUTISTA GUELACHE,20178
20,OAXACA,87,SAN AGUSTÍN YATARENI,20087
20,OAXACA,7,ASUNCIÓN OCOTLÁN,20007
20,OAXACA,118,SAN BARTOLOMÉ QUIALANA,20118
20,OAXACA,389,SANTA INÉS YATZECHE,20389
20,OAXACA,166,SAN JOSÉ CHILTEPEC,20166
20,OAXACA,548,TEPELMEME VILLA DE MORELOS,20548
20,OAXACA,109,SAN ANTONIO NANAHUATÍPAM,20109
20,OAXACA,306,SAN PEDRO EL ALTO,20306
20,OAXACA,48,MAGDALENA MIXTEPEC,20048
20,OAXACA,557,UNIÓN HIDALGO,20557
20,OAXACA,90,SAN ANDRÉS HUAXPALTEPEC,20090
20,OAXACA,291,SAN PABLO COATLÁN,20291
20,OAXACA,155,SAN ILDEFONSO SOLA,20155
20,OAXACA,84,SAN AGUSTÍN ETLA,20084
20,OAXACA,292,SAN PABLO CUATRO VENADOS,20292
20,OAXACA,519,SANTO DOMINGO TOMALTEPEC,20519
20,OAXACA,226,SAN LORENZO ALBARRADAS,20226
20,OAXACA,418,SANTA MARÍA JALAPA DEL MARQUÉS,20418
20,OAXACA,388,SANTA INÉS DEL MONTE,20388
20,OAXACA,567,ZAPOTITLÁN LAGUNAS,20567
21,PUEBLA,54,CHIGNAUTLA,21054
21,PUEBLA,117,RAFAEL LARA GRAJALES,21117
21,PUEBLA,136,SAN MIGUEL XOXTLA,21136
21,PUEBLA,79,HUITZILTEPEC,21079
21,PUEBLA,63,ESPERANZA,21063
21,PUEBLA,105,OCOTEPEC,21105
21,PUEBLA,124,SAN GABRIEL CHILAC,21124
21,PUEBLA,12,ALJOJUCA,21012
21,PUEBLA,186,TLATLAUQUITEPEC,21186
21,PUEBLA,103,NICOLÁS BRAVO,21103
21,PUEBLA,5,ACTEOPAN,21005
21,PUEBLA,8,AHUAZOTEPEC,21008
21,PUEBLA,21,ATZALA,21021
21,PUEBLA,26,CALPAN,21026
21,PUEBLA,182,TLANEPANTLA,21182
25,SINALOA,9,ESCUINAPA,25009
24,SAN LUIS POTOSÍ,42,TANQUIÁN DE ESCOBEDO,24042
24,SAN LUIS POTOSÍ,2,ALAQUINES,24002
26,SONORA,44,ÓNAVAS,26044
26,SONORA,54,SAN JAVIER,26054
27,TABASCO,12,MACUSPANA,27012
28,TAMAULIPAS,40,VALLE HERMOSO,28040
28,TAMAULIPAS,11,GÓMEZ FARÍAS,28011
29,TLAXCALA,9,CUAXOMULCO,29009
29,TLAXCALA,17,MAZATECOCHCO DE JOSÉ MARÍA MORELOS,29017
29,TLAXCALA,51,SAN JERÓNIMO ZACUALPAN,29051
29,TLAXCALA,12,ESPAÑITA,29012
29,TLAXCALA,56,SANTA ANA NOPALUCAN,29056
29,TLAXCALA,18,CONTLA DE JUAN CUAMATZI,29018
29,TLAXCALA,22,ACUAMANALA DE MIGUEL HIDALGO,29022
29,TLAXCALA,26,SANTA CRUZ TLAXCALA,29026
29,TLAXCALA,41,PAPALOTLA DE XICOHTÉNCATL,29041
29,TLAXCALA,57,SANTA APOLONIA TEACALCO,29057
29,TLAXCALA,47,LÁZARO CÁRDENAS,29047
29,TLAXCALA,37,ZILTLALTÉPEC DE TRINIDAD SÁNCHEZ SANTOS,29037
29,TLAXCALA,55,SAN LUCAS TECOPILCO,29055
29,TLAXCALA,48,LA MAGDALENA TLALTELULCO,29048
30,VERACRUZ DE IGNACIO DE LA LLAVE,204,AGUA DULCE,30204
30,VERACRUZ DE IGNACIO DE LA LLAVE,124,PAPANTLA,30124
30,VERACRUZ DE IGNACIO DE LA LLAVE,32,CATEMACO,30032
30,VERACRUZ DE IGNACIO DE LA LLAVE,73,HUEYAPAN DE OCAMPO,30073
30,VERACRUZ DE IGNACIO DE LA LLAVE,54,CHACALTIANGUIS,30054
30,VERACRUZ DE IGNACIO DE LA LLAVE,102,MARTÍNEZ DE LA TORRE,30102
30,VERACRUZ DE IGNACIO DE LA LLAVE,83,IXHUATLÁN DE MADERO,30083
30,VERACRUZ DE IGNACIO DE LA LLAVE,114,NAUTLA,30114
30,VERACRUZ DE IGNACIO DE LA LLAVE,144,SAYULA DE ALEMÁN,30144
30,VERACRUZ DE IGNACIO DE LA LLAVE,178,TLACOTALPAN,30178
30,VERACRUZ DE IGNACIO DE LA LLAVE,172,TEXISTEPEC,30172
30,VERACRUZ DE IGNACIO DE LA LLAVE,210,UXPANAPA,30210
30,VERACRUZ DE IGNACIO DE LA LLAVE,118,ORIZABA,30118
30,VERACRUZ DE IGNACIO DE LA LLAVE,109,MISANTLA,30109
30,VERACRUZ DE IGNACIO DE LA LLAVE,186,TOMATLÁN,30186
30,VERACRUZ DE IGNACIO DE LA LLAVE,89,JÁLTIPAN,30089
30,VERACRUZ DE IGNACIO DE LA LLAVE,68,FORTÍN,30068
30,VERACRUZ DE IGNACIO DE LA LLAVE,173,TEZONAPA,30173
30,VERACRUZ DE IGNACIO DE LA LLAVE,75,IGNACIO DE LA LLAVE,30075
30,VERACRUZ DE IGNACIO DE LA LLAVE,84,IXMATLAHUACAN,30084
30,VERACRUZ DE IGNACIO DE LA LLAVE,92,XICO,30092
31,YUCATÁN,24,CHUMAYEL,31024
15,MÉXICO,52,MALINALCO,15052
19,NUEVO LEÓN,1,ABASOLO,19001
30,VERACRUZ DE IGNACIO DE LA LLAVE,52,CUICHAPA,30052
7,CHIAPAS,55,METAPA,07055
5,COAHUILA DE ZARAGOZA,15,JUÁREZ,05015
7,CHIAPAS,75,LAS ROSAS,07075
7,CHIAPAS,77,SALTO DE AGUA,07077
7,CHIAPAS,104,TZIMOL,07104
7,CHIAPAS,24,CHANAL,07024
7,CHIAPAS,43,IXTACOMITÁN,07043
7,CHIAPAS,50,LA LIBERTAD,07050
7,CHIAPAS,23,CHAMULA,07023
7,CHIAPAS,83,SOCOLTENANGO,07083
7,CHIAPAS,29,CHICOASÉN,07029
7,CHIAPAS,111,ZINACANTÁN,07111
7,CHIAPAS,18,COAPILLA,07018
20,OAXACA,143,SAN FRANCISCO IXHUATÁN,20143
7,CHIAPAS,57,MOTOZINTLA,07057
7,CHIAPAS,103,TUZANTÁN,07103
7,CHIAPAS,116,MARQUÉS DE COMILLAS,07116
7,CHIAPAS,72,PUEBLO NUEVO SOLISTAHUACÁN,07072
8,CHIHUAHUA,65,URIQUE,08065
8,CHIHUAHUA,49,NONOAVA,08049
8,CHIHUAHUA,9,BOCOYNA,08009
8,CHIHUAHUA,8,BATOPILAS DE MANUEL GÓMEZ MORÍN,08008
9,CIUDAD DE MÉXICO,11,TLÁHUAC,09011
9,CIUDAD DE MÉXICO,17,VENUSTIANO CARRANZA,09017
9,CIUDAD DE MÉXICO,13,XOCHIMILCO,09013
9,CIUDAD DE MÉXICO,8,LA MAGDALENA CONTRERAS,09008
9,CIUDAD DE MÉXICO,4,CUAJIMALPA DE MORELOS,09004
9,CIUDAD DE MÉXICO,9,MILPA ALTA,09009
15,MÉXICO,12,ATIZAPÁN,15012
15,MÉXICO,98,TEXCALYACAC,15098
15,MÉXICO,49,JOQUICINGO,15049
10,DURANGO,26,SAN DIMAS,10026
10,DURANGO,23,PUEBLO NUEVO,10023
10,DURANGO,14,MEZQUITAL,10014
12,GUERRERO,20,COPANATOYAC,12020
12,GUERRERO,31,GENERAL CANUTO A. NERI,12031
12,GUERRERO,7,ARCELIA,12007
12,GUERRERO,8,ATENANGO DEL RÍO,12008
12,GUERRERO,70,XOCHIHUEHUETLÁN,12070
12,GUERRERO,64,TLALCHAPA,12064
12,GUERRERO,66,TLAPA DE COMONFORT,12066
12,GUERRERO,69,XALPATLÁHUAC,12069
12,GUERRERO,67,TLAPEHUALA,12067
12,GUERRERO,15,BUENAVISTA DE CUÉLLAR,12015
12,GUERRERO,16,COAHUAYUTLA DE JOSÉ MARÍA IZAZAGA,12016
12,GUERRERO,76,ACATEPEC,12076
12,GUERRERO,4,ALCOZAUCA DE GUERRERO,12004
12,GUERRERO,74,ZITLALA,12074
12,GUERRERO,30,FLORENCIO VILLARREAL,12030
12,GUERRERO,25,CUAUTEPEC,12025
12,GUERRERO,26,CUETZALA DEL PROGRESO,12026
12,GUERRERO,37,IXCATEOPAN DE CUAUHTÉMOC,12037
13,HIDALGO,80,YAHUALICA,13080
13,HIDALGO,25,HUAUTLA,13025
13,HIDALGO,78,XOCHIATIPAN,13078
13,HIDALGO,46,SAN FELIPE ORIZATLÁN,13046
13,HIDALGO,73,TLANCHINOL,13073
13,HIDALGO,32,JALTOCÁN,13032
13,HIDALGO,31,JACALA DE LEDEZMA,13031
13,HIDALGO,49,PISAFLORES,13049
13,HIDALGO,34,LOLOTLA,13034
13,HIDALGO,4,AGUA BLANCA DE ITURBIDE,13004
13,HIDALGO,72,TLANALAPA,13072
13,HIDALGO,50,PROGRESO DE OBREGÓN,13050
13,HIDALGO,23,FRANCISCO I. MADERO,13023
13,HIDALGO,38,MINERAL DEL CHICO,13038
13,HIDALGO,45,OMITLÁN DE JUÁREZ,13045
14,JALISCO,56,SANTA MARÍA DEL ORO,14056
14,JALISCO,19,BOLAÑOS,14019
14,JALISCO,76,SAN MARTÍN DE BOLAÑOS,14076
15,MÉXICO,116,ZACAZONAPAN,15116
15,MÉXICO,80,SULTEPEC,15080
15,MÉXICO,105,TLATLAYA,15105
15,MÉXICO,8,AMATEPEC,15008
15,MÉXICO,27,CHAPULTEPEC,15027
15,MÉXICO,102,TIMILPAN,15102
15,MÉXICO,89,TENANGO DEL AIRE,15089
15,MÉXICO,44,JALTENCO,15044
15,MÉXICO,119,ZUMPAHUACÁN,15119
15,MÉXICO,114,VILLA VICTORIA,15114
15,MÉXICO,38,ISIDRO FABELA,15038
15,MÉXICO,15,ATLAUTLA,15015
15,MÉXICO,61,NOPALTEPEC,15061
15,MÉXICO,83,TEMAMATLA,15083
15,MÉXICO,122,VALLE DE CHALCO SOLIDARIDAD,15122
15,MÉXICO,43,XALATLACO,15043
15,MÉXICO,78,SANTO TOMÁS,15078
15,MÉXICO,34,ECATZINGO,15034
15,MÉXICO,66,OTZOLOAPAN,15066
15,MÉXICO,94,TEPETLIXPA,15094
15,MÉXICO,63,OCUILAN,15063
15,MÉXICO,55,MEXICALTZINGO,15055
15,MÉXICO,23,COYOTEPEC,15023
15,MÉXICO,97,TEXCALTITLÁN,15097
16,MICHOACÁN DE OCAMPO,47,JUNGAPEO,16047
16,MICHOACÁN DE OCAMPO,65,PARACHO,16065
16,MICHOACÁN DE OCAMPO,101,TZITZIO,16101
18,NAYARIT,9,DEL NAYAR,18009
18,NAYARIT,11,RUÍZ,18011
18,NAYARIT,5,HUAJICORI,18005
19,NUEVO LEÓN,11,CERRALVO,19011
19,NUEVO LEÓN,15,DOCTOR COSS,19015
19,NUEVO LEÓN,3,LOS ALDAMAS,19003
19,NUEVO LEÓN,36,MIER Y NORIEGA,19036
19,NUEVO LEÓN,35,MELCHOR OCAMPO,19035
20,OAXACA,34,GUADALUPE DE RAMÍREZ,20034
20,OAXACA,537,SILACAYOÁPAM,20537
20,OAXACA,520,SANTO DOMINGO TONALÁ,20520
20,OAXACA,239,SAN MARTÍN HUAMELÚLPAM,20239
20,OAXACA,455,SANTIAGO AYUQUILILLA,20455
20,OAXACA,340,SAN PEDRO Y SAN PABLO TEQUIXTEPEC,20340
20,OAXACA,499,SANTIAGO YOLOMÉCATL,20499
20,OAXACA,261,SAN MIGUEL AMATITLÁN,20261
20,OAXACA,381,SANTA CRUZ TACACHE DE MINA,20381
20,OAXACA,290,SAN NICOLÁS HIDALGO,20290
20,OAXACA,183,SAN JUAN BAUTISTA TLACHICHILCO,20183
20,OAXACA,259,SAN MIGUEL AHUEHUETITLÁN,20259
20,OAXACA,484,SANTIAGO TAMAZOLA,20484
20,OAXACA,93,SAN ANDRÉS LAGUNAS,20093
20,OAXACA,341,SAN PEDRO YUCUNAMA,20341
20,OAXACA,405,VILLA DE CHILAPA DE DÍAZ,20405
20,OAXACA,501,SANTIAGO YUCUYACHI,20501
20,OAXACA,106,SAN ANTONIO ACUTLA,20106
20,OAXACA,408,SANTA MARÍA DEL ROSARIO,20408
20,OAXACA,10,EL BARRIO DE LA SOLEDAD,20010
20,OAXACA,410,SANTA MARÍA ECATEPEC,20410
20,OAXACA,250,SAN MATEO ETLATONGO,20250
20,OAXACA,94,SAN ANDRÉS NUXIÑO,20094
20,OAXACA,177,SAN JUAN BAUTISTA CUICATLÁN,20177
20,OAXACA,64,NEJAPA DE MADERO,20064
20,OAXACA,232,SAN LUCAS OJITLÁN,20232
20,OAXACA,453,SANTIAGO ASTATA,20453
20,OAXACA,558,VALERIO TRUJANO,20558
20,OAXACA,4,ASUNCIÓN CUYOTEPEJI,20004
20,OAXACA,487,SANTIAGO TENANGO,20487
20,OAXACA,52,MAGDALENA TEQUISISTLÁN,20052
20,OAXACA,153,SAN GABRIEL MIXTEPEC,20153
20,OAXACA,206,SAN JUAN DE LOS CUÉS,20206
20,OAXACA,305,SAN PEDRO COMITANCILLO,20305
20,OAXACA,407,SANTA MARÍA CHIMALAPA,20407
20,OAXACA,367,SANTA CATARINA MECHOACÁN,20367
20,OAXACA,476,SANTIAGO MILTEPEC,20476
20,OAXACA,75,REFORMA DE PINEDA,20075
20,OAXACA,266,SAN MIGUEL DEL PUERTO,20266
20,OAXACA,25,CHAHUITES,20025
20,OAXACA,81,SAN AGUSTÍN ATENANGO,20081
20,OAXACA,124,SAN BLAS ATEMPA,20124
20,OAXACA,556,LA TRINIDAD VISTA HERMOSA,20556
20,OAXACA,66,SANTIAGO NILTEPEC,20066
20,OAXACA,523,SANTO DOMINGO YANHUITLÁN,20523
20,OAXACA,165,SAN JOSÉ AYUQUILA,20165
20,OAXACA,96,SAN ANDRÉS SINAXTLA,20096
20,OAXACA,325,SAN PEDRO QUIATONI,20325
20,OAXACA,208,SAN JUAN MIXTEPEC,20208
20,OAXACA,356,SANTA ANA DEL VALLE,20356
20,OAXACA,248,SAN MATEO DEL MAR,20248
20,OAXACA,95,SAN ANDRÉS PAXTLÁN,20095
20,OAXACA,489,SANTIAGO TETEPEC,20489
20,OAXACA,507,SANTO DOMINGO ARMENTA,20507
20,OAXACA,377,SANTA CRUZ ITUNDUJIA,20377
20,OAXACA,161,SAN JERÓNIMO SOSOLA,20161
20,OAXACA,111,SAN ANTONIO TEPETLAPA,20111
20,OAXACA,362,SANTA CATARINA CUIXTLA,20362
20,OAXACA,263,SAN MIGUEL COATLÁN,20263
20,OAXACA,130,SAN DIONISIO DEL MAR,20130
20,OAXACA,235,SAN LUIS AMATLÁN,20235
20,OAXACA,113,SAN BALTAZAR LOXICHA,20113
20,OAXACA,512,SANTO DOMINGO OZOLOTEPEC,20512
20,OAXACA,53,MAGDALENA TLACOTEPEC,20053
20,OAXACA,123,SAN BERNARDO MIXTEPEC,20123
20,OAXACA,141,SAN FRANCISCO DEL MAR,20141
20,OAXACA,238,SAN MARTÍN DE LOS CANSECOS,20238
20,OAXACA,144,SAN FRANCISCO JALTEPETONGO,20144
20,OAXACA,8,ASUNCIÓN TLACOLULITA,20008
20,OAXACA,30,EL ESPINAL,20030
20,OAXACA,474,SANTIAGO LLANO GRANDE,20474
20,OAXACA,56,MÁRTIRES DE TACUBAYA,20056
20,OAXACA,300,SAN PEDRO AMUZGOS,20300
20,OAXACA,509,SANTO DOMINGO DE MORELOS,20509
20,OAXACA,125,SAN CARLOS YAUTEPEC,20125
20,OAXACA,312,SAN PEDRO JICAYÁN,20312
20,OAXACA,265,SAN MIGUEL CHIMALAPA,20265
20,OAXACA,73,PUTLA VILLA DE GUERRERO,20073
20,OAXACA,494,SANTIAGO TLAZOYALTEPEC,20494
20,OAXACA,110,SAN ANTONIO SINICAHUA,20110
20,OAXACA,219,SAN JUAN TEITIPAC,20219
20,OAXACA,421,SANTA MARÍA MIXTEQUILLA,20421
20,OAXACA,168,SAN JOSÉ ESTANCIA GRANDE,20168
20,OAXACA,50,MAGDALENA PEÑASCO,20050
20,OAXACA,80,SAN AGUSTÍN AMATENGO,20080
20,OAXACA,121,SAN BARTOLO SOYALTEPEC,20121
20,OAXACA,469,SANTIAGO JUXTLAHUACA,20469
20,OAXACA,54,MAGDALENA ZAHUATLÁN,20054
20,OAXACA,542,TANICHE,20542
20,OAXACA,417,SANTA MARÍA JACATEPEC,20417
20,OAXACA,464,SANTIAGO IHUITLÁN PLUMAS,20464
20,OAXACA,304,SAN PEDRO COXCALTEPEC CÁNTAROS,20304
20,OAXACA,309,SAN PEDRO IXCATLÁN,20309
20,OAXACA,134,SAN FELIPE JALAPA DE DÍAZ,20134
20,OAXACA,278,SAN MIGUEL SOYALTEPEC,20278
20,OAXACA,498,SANTIAGO YAVEO,20498
20,OAXACA,559,SAN JUAN BAUTISTA VALLE NACIONAL,20559
20,OAXACA,468,SANTIAGO JOCOTEPEC,20468
20,OAXACA,205,SAN JUAN LALANA,20205
20,OAXACA,207,SAN JUAN MAZATLÁN,20207
20,OAXACA,9,AYOTZINTEPEC,20009
20,OAXACA,169,SAN JOSÉ INDEPENDENCIA,20169
20,OAXACA,187,SAN JUAN COATZÓSPAM,20187
20,OAXACA,330,SAN PEDRO TEUTILA,20330
20,OAXACA,521,SANTO DOMINGO TONALTEPEC,20521
20,OAXACA,241,SAN MARTÍN LACHILÁ,20241
20,OAXACA,478,SANTIAGO NACALTEPEC,20478
20,OAXACA,427,SANTA MARÍA PETAPA,20427
20,OAXACA,199,SAN JUAN IHUALTEPEC,20199
20,OAXACA,243,SAN MARTÍN TILCAJETE,20243
20,OAXACA,534,SAN VICENTE COATLÁN,20534
20,OAXACA,431,SANTA MARÍA TECOMAVACA,20431
20,OAXACA,284,SAN MIGUEL TILQUIÁPAM,20284
20,OAXACA,286,SAN MIGUEL TLACOTEPEC,20286
20,OAXACA,277,VILLA SOLA DE VEGA,20277
20,OAXACA,104,SAN ANTONINO EL ALTO,20104
20,OAXACA,229,SAN LORENZO TEXMELÚCAN,20229
20,OAXACA,516,SANTO DOMINGO TEOJOMULCO,20516
20,OAXACA,461,SANTIAGO DEL RÍO,20461
20,OAXACA,126,SAN CRISTÓBAL AMATLÁN,20126
20,OAXACA,339,SAN PEDRO Y SAN PABLO TEPOSCOLULA,20339
20,OAXACA,540,VILLA DE TAMAZULÁPAM DEL PROGRESO,20540
20,OAXACA,170,SAN JOSÉ LACHIGUIRI,20170
20,OAXACA,321,SAN PEDRO NOPALA,20321
20,OAXACA,422,SANTA MARÍA NATIVITAS,20422
20,OAXACA,379,SANTA CRUZ NUNDACO,20379
20,OAXACA,317,SAN PEDRO MÁRTIR YUCUXACO,20317
20,OAXACA,188,SAN JUAN COLORADO,20188
20,OAXACA,283,SAN MIGUEL TEQUIXTEPEC,20283
20,OAXACA,470,SANTIAGO LACHIGUIRI,20470
20,OAXACA,348,SAN SEBASTIÁN TECOMAXTLAHUACA,20348
20,OAXACA,210,SAN JUAN ÑUMÍ,20210
20,OAXACA,568,ZAPOTITLÁN PALMAS,20568
20,OAXACA,175,SAN JUAN BAUTISTA ATATLAHUCA,20175
20,OAXACA,186,SAN JUAN CIENEGUILLA,20186
20,OAXACA,230,SAN LORENZO VICTORIA,20230
20,OAXACA,544,TEOCOCUILCO DE MARCOS PÉREZ,20544
20,OAXACA,451,SANTIAGO APOALA,20451
21,PUEBLA,159,TEOPANTLÁN,21159
21,PUEBLA,147,SANTA INÉS AHUATEMPAN,21147
21,PUEBLA,198,XICOTLÁN,21198
21,PUEBLA,24,AXUTLA,21024
21,PUEBLA,7,AHUATLÁN,21007
21,PUEBLA,33,COHUECAN,21033
21,PUEBLA,11,ALBINO ZERTUCHE,21011
21,PUEBLA,56,CHILA DE LA SAL,21056
21,PUEBLA,150,HUEHUETLÁN EL GRANDE,21150
21,PUEBLA,133,SAN MARTÍN TOTOLTEPEC,21133
21,PUEBLA,190,TOTOLTEPEC DE GUERRERO,21190
21,PUEBLA,135,SAN MIGUEL IXITLÁN,21135
21,PUEBLA,32,COHETZALA,21032
21,PUEBLA,18,ATEXCAL,21018
21,PUEBLA,87,JOLALPAN,21087
21,PUEBLA,16,AQUIXTLA,21016
21,PUEBLA,207,ZACAPOAXTLA,21207
21,PUEBLA,197,XICOTEPEC,21197
21,PUEBLA,86,JALPAN,21086
21,PUEBLA,64,FRANCISCO Z. MENA,21064
21,PUEBLA,111,PANTEPEC,21111
21,PUEBLA,76,HUEYTAMALCO,21076
21,PUEBLA,187,TLAXCO,21187
21,PUEBLA,194,VENUSTIANO CARRANZA,21194
21,PUEBLA,158,TENAMPULCO,21158
21,PUEBLA,208,ZACATLÁN,21208
21,PUEBLA,27,CALTEPEC,21027
21,PUEBLA,174,TEZIUTLÁN,21174
21,PUEBLA,83,IXTACAMAXTITLÁN,21083
21,PUEBLA,101,NAUZONTLA,21101
21,PUEBLA,50,CHICHIQUILA,21050
21,PUEBLA,188,TOCHIMILCO,21188
21,PUEBLA,31,COATZINGO,21031
21,PUEBLA,57,HONEY,21057
21,PUEBLA,89,JOPALA,21089
21,PUEBLA,71,HUAUCHINANGO,21071
22,QUERÉTARO,2,PINAL DE AMOLES,22002
22,QUERÉTARO,10,LANDA DE MATAMOROS,22010
22,QUERÉTARO,3,ARROYO SECO,22003
24,SAN LUIS POTOSÍ,48,VILLA DE LA PAZ,24048
24,SAN LUIS POTOSÍ,36,TAMASOPO,24036
24,SAN LUIS POTOSÍ,39,TAMPAMOLÓN CORONA,24039
24,SAN LUIS POTOSÍ,18,HUEHUETLÁN,24018
24,SAN LUIS POTOSÍ,38,TAMPACÁN,24038
24,SAN LUIS POTOSÍ,29,SAN MARTÍN CHALCHICUAUTLA,24029
24,SAN LUIS POTOSÍ,19,LAGUNILLAS,24019
24,SAN LUIS POTOSÍ,54,XILITLA,24054
24,SAN LUIS POTOSÍ,31,SANTA CATARINA,24031
24,SAN LUIS POTOSÍ,26,SAN ANTONIO,24026
24,SAN LUIS POTOSÍ,57,MATLAPA,24057
25,SINALOA,16,SAN IGNACIO,25016
25,SINALOA,3,BADIRAGUATO,25003
25,SINALOA,5,COSALÁ,25005
25,SINALOA,8,ELOTA,25008
26,SONORA,41,NACOZARI DE GARCÍA,26041
26,SONORA,69,YÉCORA,26069
26,SONORA,8,BACADÉHUACHI,26008
26,SONORA,67,VILLA HIDALGO,26067
26,SONORA,24,DIVISADEROS,26024
26,SONORA,28,GRANADOS,26028
27,TABASCO,3,CENTLA,27003
27,TABASCO,10,JALPA DE MÉNDEZ,27010
28,TAMAULIPAS,15,GUSTAVO DÍAZ ORDAZ,28015
28,TAMAULIPAS,24,MIER,28024
28,TAMAULIPAS,25,MIGUEL ALEMÁN,28025
28,TAMAULIPAS,14,GUERRERO,28014
28,TAMAULIPAS,27,NUEVO LAREDO,28027
28,TAMAULIPAS,26,MIQUIHUANA,28026
28,TAMAULIPAS,6,BUSTAMANTE,28006
28,TAMAULIPAS,12,GONZÁLEZ,28012
28,TAMAULIPAS,5,BURGOS,28005
28,TAMAULIPAS,9,CIUDAD MADERO,28009
28,TAMAULIPAS,10,CRUILLAS,28010
28,TAMAULIPAS,36,SAN NICOLÁS,28036
29,TLAXCALA,50,SAN FRANCISCO TETLANOHCAN,29050
29,TLAXCALA,45,BENITO JUÁREZ,29045
29,TLAXCALA,16,IXTENCO,29016
29,TLAXCALA,49,SAN DAMIÁN TEXÓLOC,29049
29,TLAXCALA,46,EMILIANO ZAPATA,29046
29,TLAXCALA,40,XALTOCAN,29040
30,VERACRUZ DE IGNACIO DE LA LLAVE,133,PUEBLO VIEJO,30133
30,VERACRUZ DE IGNACIO DE LA LLAVE,123,PÁNUCO,30123
30,VERACRUZ DE IGNACIO DE LA LLAVE,27,BENITO JUÁREZ,30027
30,VERACRUZ DE IGNACIO DE LA LLAVE,161,TEMPOAL,30161
30,VERACRUZ DE IGNACIO DE LA LLAVE,155,TANTOYUCA,30155
30,VERACRUZ DE IGNACIO DE LA LLAVE,151,TAMIAHUA,30151
30,VERACRUZ DE IGNACIO DE LA LLAVE,152,TAMPICO ALTO,30152
30,VERACRUZ DE IGNACIO DE LA LLAVE,56,CHICONAMEL,30056
30,VERACRUZ DE IGNACIO DE LA LLAVE,60,CHINAMPA DE GOROSTIZA,30060
30,VERACRUZ DE IGNACIO DE LA LLAVE,129,PLATÓN SÁNCHEZ,30129
30,VERACRUZ DE IGNACIO DE LA LLAVE,78,IXCATEPEC,30078
30,VERACRUZ DE IGNACIO DE LA LLAVE,153,TANCOCO,30153
30,VERACRUZ DE IGNACIO DE LA LLAVE,150,TAMALÍN,30150
30,VERACRUZ DE IGNACIO DE LA LLAVE,63,CHONTLA,30063
30,VERACRUZ DE IGNACIO DE LA LLAVE,35,CITLALTÉPETL,30035
30,VERACRUZ DE IGNACIO DE LA LLAVE,55,CHALMA,30055
30,VERACRUZ DE IGNACIO DE LA LLAVE,165,TEPATLAXCO,30165
30,VERACRUZ DE IGNACIO DE LA LLAVE,158,TECOLUTLA,30158
30,VERACRUZ DE IGNACIO DE LA LLAVE,104,MECAYAPAN,30104
30,VERACRUZ DE IGNACIO DE LA LLAVE,12,AMATITLÁN,30012
30,VERACRUZ DE IGNACIO DE LA LLAVE,199,ZARAGOZA,30199
30,VERACRUZ DE IGNACIO DE LA LLAVE,203,ZOZOCOLCO DE HIDALGO,30203
30,VERACRUZ DE IGNACIO DE LA LLAVE,69,GUTIÉRREZ ZAMORA,30069
30,VERACRUZ DE IGNACIO DE LA LLAVE,111,MOLOACÁN,30111
30,VERACRUZ DE IGNACIO DE LA LLAVE,70,HIDALGOTITLÁN,30070
30,VERACRUZ DE IGNACIO DE LA LLAVE,33,CAZONES DE HERRERA,30033
30,VERACRUZ DE IGNACIO DE LA LLAVE,145,SOCONUSCO,30145
30,VERACRUZ DE IGNACIO DE LA LLAVE,80,IXHUATLÁN DEL CAFÉ,30080
30,VERACRUZ DE IGNACIO DE LA LLAVE,81,IXHUATLANCILLO,30081
30,VERACRUZ DE IGNACIO DE LA LLAVE,197,YECUATLA,30197
30,VERACRUZ DE IGNACIO DE LA LLAVE,122,PAJAPAN,30122
30,VERACRUZ DE IGNACIO DE LA LLAVE,47,COSCOMATEPEC,30047
30,VERACRUZ DE IGNACIO DE LA LLAVE,157,CASTILLO DE TEAYO,30157
30,VERACRUZ DE IGNACIO DE LA LLAVE,64,CHUMATLÁN,30064
30,VERACRUZ DE IGNACIO DE LA LLAVE,37,COAHUITLÁN,30037
30,VERACRUZ DE IGNACIO DE LA LLAVE,40,COATZINTLA,30040
30,VERACRUZ DE IGNACIO DE LA LLAVE,103,MECATLÁN,30103
30,VERACRUZ DE IGNACIO DE LA LLAVE,88,JALCOMULCO,30088
30,VERACRUZ DE IGNACIO DE LA LLAVE,51,COYUTLA,30051
30,VERACRUZ DE IGNACIO DE LA LLAVE,209,TATAHUICAPAN DE JUÁREZ,30209
30,VERACRUZ DE IGNACIO DE LA LLAVE,8,ALPATLÁHUAC,30008
30,VERACRUZ DE IGNACIO DE LA LLAVE,5,ACULA,30005
30,VERACRUZ DE IGNACIO DE LA LLAVE,130,PLAYA VICENTE,30130
30,VERACRUZ DE IGNACIO DE LA LLAVE,139,SALTABARRANCA,30139
30,VERACRUZ DE IGNACIO DE LA LLAVE,180,TLACHICHILCO,30180
30,VERACRUZ DE IGNACIO DE LA LLAVE,190,TUXTILLA,30190
30,VERACRUZ DE IGNACIO DE LA LLAVE,167,TEPETZINTLA,30167
30,VERACRUZ DE IGNACIO DE LA LLAVE,99,MALTRATA,30099
30,VERACRUZ DE IGNACIO DE LA LLAVE,143,SANTIAGO TUXTLA,30143
30,VERACRUZ DE IGNACIO DE LA LLAVE,131,POZA RICA DE HIDALGO,30131
30,VERACRUZ DE IGNACIO DE LA LLAVE,34,CERRO AZUL,30034
30,VERACRUZ DE IGNACIO DE LA LLAVE,67,FILOMENO MATA,30067
30,VERACRUZ DE IGNACIO DE LA LLAVE,6,ACULTZINGO,30006
30,VERACRUZ DE IGNACIO DE LA LLAVE,116,OLUTA,30116
30,VERACRUZ DE IGNACIO DE LA LLAVE,42,COLIPA,30042
30,VERACRUZ DE IGNACIO DE LA LLAVE,71,HUATUSCO,30071
30,VERACRUZ DE IGNACIO DE LA LLAVE,206,NANCHITAL DE LÁZARO CÁRDENAS DEL RÍO,30206
30,VERACRUZ DE IGNACIO DE LA LLAVE,208,CARLOS A. CARRILLO,30208
30,VERACRUZ DE IGNACIO DE LA LLAVE,120,OTEAPAN,30120
30,VERACRUZ DE IGNACIO DE LA LLAVE,22,ATZACAN,30022
30,VERACRUZ DE IGNACIO DE LA LLAVE,17,APAZAPAN,30017
30,VERACRUZ DE IGNACIO DE LA LLAVE,62,CHOCAMÁN,30062
30,VERACRUZ DE IGNACIO DE LA LLAVE,179,TLACOTEPEC DE MEJÍA,30179
30,VERACRUZ DE IGNACIO DE LA LLAVE,194,VILLA ALDAMA,30194
30,VERACRUZ DE IGNACIO DE LA LLAVE,93,JILOTEPEC,30093
30,VERACRUZ DE IGNACIO DE LA LLAVE,112,NAOLINCO,30112
30,VERACRUZ DE IGNACIO DE LA LLAVE,29,CALCAHUALCO,30029
30,VERACRUZ DE IGNACIO DE LA LLAVE,74,HUILOAPAN DE CUAUHTÉMOC,30074
30,VERACRUZ DE IGNACIO DE LA LLAVE,185,TLILAPAN,30185
30,VERACRUZ DE IGNACIO DE LA LLAVE,24,TLALTETELA,30024
30,VERACRUZ DE IGNACIO DE LA LLAVE,212,SANTIAGO SOCHIAPAN,30212
30,VERACRUZ DE IGNACIO DE LA LLAVE,115,NOGALES,30115
30,VERACRUZ DE IGNACIO DE LA LLAVE,138,RÍO BLANCO,30138
31,YUCATÁN,17,CHANKOM,31017
31,YUCATÁN,22,CHIKINDZONOT,31022
31,YUCATÁN,49,MAYAPÁN,31049
31,YUCATÁN,83,TELCHAC PUERTO,31083
31,YUCATÁN,64,SANAHCAT,31064
32,ZACATECAS,43,SUSTICACÁN,32043
32,ZACATECAS,21,JIMÉNEZ DEL TEUL,32021
8,CHIHUAHUA,30,GUAZAPARES,08030
12,GUERRERO,24,CUALÁC,12024
12,GUERRERO,47,PEDRO ASCENCIO ALQUISIRAS,12047
16,MICHOACÁN DE OCAMPO,24,CHERÁN,16024
15,MÉXICO,111,VILLA DE ALLENDE,15111
15,MÉXICO,123,LUVIANOS,15123
15,MÉXICO,7,AMANALCO,15007
15,MÉXICO,117,ZACUALPAN,15117
20,OAXACA,221,SAN JUAN TEPOSCOLULA,20221
20,OAXACA,480,SANTIAGO NUNDICHE,20480
20,OAXACA,524,SANTO DOMINGO YODOHINO,20524
29,TLAXCALA,58,SANTA CATARINA AYOMETLA,29058
29,TLAXCALA,61,SIN DATO,29061
29,TLAXCALA,52,SAN JOSÉ TEACALCO,29052
12,GUERRERO,78,COCHOAPA EL GRANDE,12078
12,GUERRERO,62,TLACOACHISTLAHUACA,12062
12,GUERRERO,71,XOCHISTLAHUACA,12071
12,GUERRERO,41,MALINALTEPEC,12041
12,GUERRERO,36,IGUALAPA,12036
12,GUERRERO,56,TECOANAPA,12056
12,GUERRERO,72,ZAPOTITLÁN TABLAS,12072
20,OAXACA,147,SAN FRANCISCO NUXAÑO,20147
20,OAXACA,281,SAN MIGUEL TECOMATLÁN,20281
20,OAXACA,446,SANTA MARÍA YUCUHITI,20446
20,OAXACA,319,SAN PEDRO MIXTEPEC,20319
20,OAXACA,526,SANTOS REYES NOPALA,20526
20,OAXACA,12,CANDELARIA LOXICHA,20012
20,OAXACA,447,SANTA MARÍA ZACATEPEC,20447
8,CHIHUAHUA,51,OCAMPO,08051
13,HIDALGO,20,ELOXOCHITLÁN,13020
13,HIDALGO,53,SAN BARTOLO TUTOTEPEC,13053
20,OAXACA,129,SAN CRISTÓBAL SUCHIXTLAHUACA,20129
20,OAXACA,488,SANTIAGO TEPETLAPA,20488
20,OAXACA,287,SAN MIGUEL TULANCINGO,20287
7,CHIAPAS,7,AMATENANGO DEL VALLE,07007
7,CHIAPAS,84,SOLOSUCHIAPA,07084
7,CHIAPAS,28,CHIAPILLA,07028
7,CHIAPAS,110,SAN LUCAS,07110
7,CHIAPAS,123,EMILIANO ZAPATA,07123
7,CHIAPAS,21,COPAINALÁ,07021
7,CHIAPAS,45,IXTAPANGAJOYA,07045
7,CHIAPAS,96,TILA,07096
7,CHIAPAS,81,SIMOJOVEL,07081
7,CHIAPAS,49,LARRÁINZAR,07049
7,CHIAPAS,119,SANTIAGO EL PINAR,07119
7,CHIAPAS,31,CHILÓN,07031
7,CHIAPAS,4,ALTAMIRANO,07004
7,CHIAPAS,38,HUIXTÁN,07038
7,CHIAPAS,10,BEJUCAL DE OCAMPO,07010
7,CHIAPAS,13,BOCHIL,07013
7,CHIAPAS,93,TENEJAPA,07093
7,CHIAPAS,26,CHENALHÓ,07026
7,CHIAPAS,15,CACAHOATÁN,07015
15,MÉXICO,125,TONANITLA,15125
10,DURANGO,2,CANELAS,10002
19,NUEVO LEÓN,30,ITURBIDE,19030
20,OAXACA,571,SIN DATO,20571
20,OAXACA,569,SANTA INÉS DE ZARAGOZA,20569
20,OAXACA,245,SAN MARTÍN ZACATEPEC,20245
20,OAXACA,152,SAN FRANCISCO TLAPANCINGO,20152
21,PUEBLA,23,ATZITZINTLA,21023
2,BAJA CALIFORNIA,7,SAN FELIPE,02007
17,MORELOS,35,XOXOCOTLA,17035
20,OAXACA,332,SAN PEDRO TOPILTEPEC,20332
30,VERACRUZ DE IGNACIO DE LA LLAVE,26,BANDERILLA,30026
30,VERACRUZ DE IGNACIO DE LA LLAVE,72,HUAYACOCOTLA,30072
7,CHIAPAS,115,MARAVILLA TENEJAPA,07115
13,HIDALGO,62,TEPEHUACÁN DE GUERRERO,13062
13,HIDALGO,71,TLAHUILTEPA,13071
20,OAXACA,254,SAN MATEO RÍO HONDO,20254
30,VERACRUZ DE IGNACIO DE LA LLAVE,166,TEPETLÁN,30166
7,CHIAPAS,82,SITALÁ,07082
7,CHIAPAS,14,EL BOSQUE,07014
7,CHIAPAS,112,SAN JUAN CANCUC,07112
7,CHIAPAS,25,CHAPULTENANGO,07025
21,PUEBLA,36,COYOMEAPAN,21036
13,HIDALGO,14,CALNALI,13014
13,HIDALGO,18,CHAPULHUACÁN,13018
13,HIDALGO,79,XOCHICOATLÁN,13079
13,HIDALGO,81,ZACUALTIPÁN DE ÁNGELES,13081
30,VERACRUZ DE IGNACIO DE LA LLAVE,79,IXHUACÁN DE LOS REYES,30079
8,CHIHUAHUA,29,GUADALUPE Y CALVO,08029
7,CHIAPAS,100,TUMBALÁ,07100
20,OAXACA,71,PLUMA HIDALGO,20071
30,VERACRUZ DE IGNACIO DE LA LLAVE,164,TEOCELO,30164
13,HIDALGO,43,NICOLÁS FLORES,13043
20,OAXACA,458,SANTIAGO COMALTEPEC,20458
20,OAXACA,428,SANTA MARÍA QUIEGOLANI,20428
11,GUANAJUATO,45,XICHÚ,11045
30,VERACRUZ DE IGNACIO DE LA LLAVE,146,SOCHIAPA,30146
30,VERACRUZ DE IGNACIO DE LA LLAVE,127,LA PERLA,30127
21,PUEBLA,17,ATEMPAN,21017
28,TAMAULIPAS,0,SIN DATO,28000
17,MORELOS,22,TETELA DEL VOLCÁN,17022
21,PUEBLA,39,CUAUTEMPAN,21039
20,OAXACA,429,SANTA MARÍA SOLA,20429
20,OAXACA,532,SANTO TOMÁS OCOTEPEC,20532
16,MICHOACÁN DE OCAMPO,7,APORO,16007
30,VERACRUZ DE IGNACIO DE LA LLAVE,1,ACAJETE,30001
10,DURANGO,37,TOPIA,10037
20,OAXACA,76,LA REFORMA,20076
20,OAXACA,26,CHALCATONGO DE HIDALGO,20026
20,OAXACA,320,SAN PEDRO MOLINOS,20320
20,OAXACA,426,SANTA MARÍA PEÑOLES,20426
20,OAXACA,491,SANTIAGO TEXTITLÁN,20491
20,OAXACA,445,SANTA MARÍA YOSOYÚA,20445
13,HIDALGO,60,TENANGO DE DORIA,13060
7,CHIAPAS,11,BELLA VISTA,07011
7,CHIAPAS,39,HUITIUPÁN,07039
7,CHIAPAS,113,ALDAMA,07113
10,DURANGO,19,OTÁEZ,10019
13,HIDALGO,26,HUAZALINGO,13026
15,MÉXICO,41,IXTAPAN DEL ORO,15041
17,MORELOS,36,HUEYAPAN,17036
20,OAXACA,196,SAN JUAN EVANGELISTA ANALCO,20196
20,OAXACA,105,SAN ANTONINO MONTE VERDE,20105
20,OAXACA,164,SAN JORGE NUCHITA,20164
20,OAXACA,262,SAN MIGUEL AMATLÁN,20262
20,OAXACA,211,SAN JUAN OZOLOTEPEC,20211
20,OAXACA,481,SANTIAGO NUYOÓ,20481
20,OAXACA,302,SAN PEDRO ATOYAC,20302
20,OAXACA,271,SAN MIGUEL MIXTEPEC,20271
20,OAXACA,392,SANTA LUCÍA MONTEVERDE,20392
20,OAXACA,344,SAN SEBASTIÁN COATLÁN,20344
20,OAXACA,108,SAN ANTONIO HUITEPEC,20108
21,PUEBLA,95,LA MAGDALENA TLATLAUQUITEPEC,21095
21,PUEBLA,172,TETELA DE OCAMPO,21172
30,VERACRUZ DE IGNACIO DE LA LLAVE,2,ACATLÁN,30002
30,VERACRUZ DE IGNACIO DE LA LLAVE,46,COSAUTLÁN DE CARVAJAL,30046
30,VERACRUZ DE IGNACIO DE LA LLAVE,147,SOLEDAD ATZOMPA,30147
7,CHIAPAS,66,PANTELHÓ,07066
7,CHIAPAS,64,OXCHUC,07064
7,CHIAPAS,56,MITONTIC,07056
7,CHIAPAS,6,AMATENANGO DE LA FRONTERA,07006
7,CHIAPAS,91,TAPILULA,07091
7,CHIAPAS,67,PANTEPEC,07067
7,CHIAPAS,33,FRANCISCO LEÓN,07033
7,CHIAPAS,5,AMATÁN,07005
7,CHIAPAS,109,YAJALÓN,07109
7,CHIAPAS,36,LA GRANDEZA,07036
7,CHIAPAS,90,TAPALAPA,07090
7,CHIAPAS,70,EL PORVENIR,07070
7,CHIAPAS,80,SILTEPEC,07080
7,CHIAPAS,60,OCOTEPEC,07060
7,CHIAPAS,73,RAYÓN,07073
7,CHIAPAS,42,IXHUATÁN,07042
7,CHIAPAS,85,SOYALÓ,07085
7,CHIAPAS,76,SABANILLA,07076
7,CHIAPAS,63,OSUMACINTA,07063
7,CHIAPAS,98,TOTOLAPA,07098
7,CHIAPAS,22,CHALCHIHUITÁN,07022
7,CHIAPAS,105,UNIÓN JUÁREZ,07105
7,CHIAPAS,53,MAZAPA DE MADERO,07053
7,CHIAPAS,88,SUNUAPA,07088
7,CHIAPAS,117,MONTECRISTO DE GUERRERO,07117
7,CHIAPAS,118,SAN ANDRÉS DURAZNAL,07118
8,CHIHUAHUA,66,URUACHI,08066
8,CHIHUAHUA,41,MAGUARICHI,08041
8,CHIHUAHUA,46,MORELOS,08046
12,GUERRERO,10,ATLIXTAC,12010
12,GUERRERO,9,ATLAMAJALCINGO DEL MONTE,12009
12,GUERRERO,81,ILIATENCO,12081
12,GUERRERO,63,TLACOAPA,12063
12,GUERRERO,43,METLATÓNOC,12043
13,HIDALGO,68,TIANGUISTENGO,13068
13,HIDALGO,40,LA MISIÓN,13040
13,HIDALGO,27,HUEHUETLA,13027
13,HIDALGO,33,JUÁREZ HIDALGO,13033
13,HIDALGO,47,PACULA,13047
15,MÉXICO,77,SAN SIMÓN DE GUERRERO,15077
15,MÉXICO,50,JUCHITEPEC,15050
16,MICHOACÁN DE OCAMPO,5,ANGANGUEO,16005
19,NUEVO LEÓN,24,GENERAL ZARAGOZA,19024
20,OAXACA,58,MAZATLÁN VILLA DE FLORES,20058
20,OAXACA,299,SAN PABLO YAGANIZA,20299
20,OAXACA,31,TAMAZULÁPAM DEL ESPÍRITU SANTO,20031
20,OAXACA,363,SANTA CATARINA IXTEPEJI,20363
20,OAXACA,513,SANTO DOMINGO PETAPA,20513
20,OAXACA,264,SAN MIGUEL CHICAHUA,20264
20,OAXACA,457,SANTIAGO CAMOTLÁN,20457
20,OAXACA,234,SAN LUCAS ZOQUIÁPAM,20234
20,OAXACA,179,SAN JUAN BAUTISTA JAYACATLÁN,20179
20,OAXACA,270,SAN MIGUEL HUAUTLA,20270
20,OAXACA,463,SANTIAGO HUAUCLILLA,20463
20,OAXACA,352,SAN SIMÓN ZAHUATLÁN,20352
20,OAXACA,423,SANTA MARÍA NDUAYACO,20423
20,OAXACA,412,SANTA MARÍA GUIENAGATI,20412
20,OAXACA,357,SANTA ANA TAVELA,20357
20,OAXACA,88,SAN ANDRÉS CABECERA NUEVA,20088
20,OAXACA,500,SANTIAGO YOSONDÚA,20500
20,OAXACA,371,SANTA CATARINA TICUÁ,20371
20,OAXACA,36,GUEVEA DE HUMBOLDT,20036
20,OAXACA,20,CONSTANCIA DEL ROSARIO,20020
20,OAXACA,37,MESONES HIDALGO,20037
20,OAXACA,16,COICOYÁN DE LAS FLORES,20016
20,OAXACA,415,SANTA MARÍA IPALAPA,20415
20,OAXACA,511,SANTO DOMINGO NUXAÁ,20511
20,OAXACA,297,SAN PABLO TIJALTEPEC,20297
20,OAXACA,370,SANTA CATARINA TAYATA,20370
20,OAXACA,383,SANTA CRUZ TAYATA,20383
20,OAXACA,86,SAN AGUSTÍN TLACOTEPEC,20086
20,OAXACA,372,SANTA CATARINA YOSONOTÚ,20372
20,OAXACA,329,SAN PEDRO TEOZACOALCO,20329
20,OAXACA,506,SANTO DOMINGO ALBARRADAS,20506
20,OAXACA,119,SAN BARTOLOMÉ YUCUAÑE,20119
20,OAXACA,364,SANTA CATARINA JUQUILA,20364
20,OAXACA,172,SAN JUAN ACHIUTLA,20172
20,OAXACA,258,SAN MIGUEL ACHIUTLA,20258
20,OAXACA,252,SAN MATEO PEÑASCO,20252
20,OAXACA,273,SAN MIGUEL PERAS,20273
20,OAXACA,159,SAN JERÓNIMO COATLÁN,20159
20,OAXACA,448,SANTA MARÍA ZANIZA,20448
20,OAXACA,504,NUEVO ZOQUIÁPAM,20504
20,OAXACA,251,SAN MATEO NEJÁPAM,20251
20,OAXACA,395,SANTA MARÍA APAZCO,20395
20,OAXACA,225,SAN LORENZO,20225
20,OAXACA,522,SANTO DOMINGO XAGACÍA,20522
20,OAXACA,269,SAN MIGUEL EL GRANDE,20269
20,OAXACA,394,SANTA MARÍA ALOTEPEC,20394
20,OAXACA,255,SAN MATEO SINDIHUI,20255
20,OAXACA,566,SAN MATEO YUCUTINDOO,20566
20,OAXACA,554,TOTONTEPEC VILLA DE MORELOS,20554
20,OAXACA,41,HUAUTLA DE JIMÉNEZ,20041
20,OAXACA,42,IXTLÁN DE JUÁREZ,20042
20,OAXACA,535,SAN VICENTE LACHIXÍO,20535
20,OAXACA,217,SAN JUAN TAMAZOLA,20217
20,OAXACA,274,SAN MIGUEL PIEDRAS,20274
20,OAXACA,24,CUYAMECALCO VILLA DE ZARAGOZA,20024
20,OAXACA,40,HUAUTEPEC,20040
20,OAXACA,98,SAN ANDRÉS TEOTILÁLPAM,20098
20,OAXACA,527,SANTOS REYES PÁPALO,20527
20,OAXACA,249,SAN MATEO YOLOXOCHITLÁN,20249
20,OAXACA,29,ELOXOCHITLÁN DE FLORES MAGÓN,20029
20,OAXACA,27,CHIQUIHUITLÁN DE BENITO JUÁREZ,20027
20,OAXACA,218,SAN JUAN TEITA,20218
20,OAXACA,406,SANTA MARÍA CHILCHOTLA,20406
20,OAXACA,65,IXPANTEPEC NIEVES,20065
20,OAXACA,32,FRESNILLO DE TRUJANO,20032
20,OAXACA,242,SAN MARTÍN PERAS,20242
20,OAXACA,434,SANTA MARÍA TEOPOXCO,20434
20,OAXACA,543,TATALTEPEC DE VALDÉS,20543
20,OAXACA,396,SANTA MARÍA LA ASUNCIÓN,20396
20,OAXACA,11,CALIHUALÁ,20011
20,OAXACA,191,SAN JUAN CHICOMEZÚCHIL,20191
20,OAXACA,328,SAN PEDRO TAVICHE,20328
20,OAXACA,117,SAN BARTOLOMÉ LOXICHA,20117
20,OAXACA,365,SANTA CATARINA LACHATAO,20365
20,OAXACA,496,SANTIAGO XIACUÍ,20496
20,OAXACA,275,SAN MIGUEL QUETZALTEPEC,20275
20,OAXACA,158,SAN JACINTO TLACOTEPEC,20158
20,OAXACA,267,SAN MIGUEL DEL RÍO,20267
20,OAXACA,62,NATIVIDAD,20062
20,OAXACA,146,SAN FRANCISCO LOGUECHE,20146
20,OAXACA,311,SAN PEDRO JALTEPETONGO,20311
20,OAXACA,425,SANTA MARÍA PÁPALO,20425
20,OAXACA,209,SAN JUAN MIXTEPEC,20209
20,OAXACA,495,SANTIAGO XANICA,20495
20,OAXACA,240,SAN MARTÍN ITUNYOSO,20240
20,OAXACA,202,SAN JUAN LACHAO,20202
20,OAXACA,149,SAN FRANCISCO SOLA,20149
20,OAXACA,347,SAN SEBASTIÁN RÍO HONDO,20347
20,OAXACA,148,SAN FRANCISCO OZOLOTEPEC,20148
20,OAXACA,391,SANTA LUCÍA MIAHUATLÁN,20391
20,OAXACA,200,SAN JUAN JUQUILA MIXES,20200
20,OAXACA,167,SAN JOSÉ DEL PEÑASCO,20167
20,OAXACA,366,SANTA CATARINA LOXICHA,20366
20,OAXACA,137,SAN FRANCISCO CAHUACUÁ,20137
20,OAXACA,282,SAN MIGUEL TENANGO,20282
20,OAXACA,424,SANTA MARÍA OZOLOTEPEC,20424
20,OAXACA,331,SAN PEDRO TIDAÁ,20331
20,OAXACA,361,SANTA CATALINA QUIERÍ,20361
20,OAXACA,236,SAN MARCIAL OZOLOTEPEC,20236
20,OAXACA,420,SANTA MARÍA LACHIXÍO,20420
20,OAXACA,440,SANTA MARÍA TOTOLAPILLA,20440
20,OAXACA,564,YUTANDUCHI DE GUERRERO,20564
20,OAXACA,204,SAN JUAN LAJARCIA,20204
20,OAXACA,122,SAN BARTOLO YAUTEPEC,20122
20,OAXACA,562,MAGDALENA YODOCONO DE PORFIRIO DÍAZ,20562
20,OAXACA,497,SANTIAGO YAITEPEC,20497
20,OAXACA,444,SANTA MARÍA YOLOTEPEC,20444
20,OAXACA,213,SAN JUAN QUIAHIJE,20213
20,OAXACA,316,SAN PEDRO MÁRTIR QUIECHAPA,20316
20,OAXACA,272,SAN MIGUEL PANIXTLAHUACA,20272
20,OAXACA,133,SAN ESTEBAN ATATLAHUCA,20133
20,OAXACA,74,SANTA CATARINA QUIOQUITANI,20074
20,OAXACA,257,SAN MELCHOR BETAZA,20257
20,OAXACA,518,SANTO DOMINGO TLATAYÁPAM,20518
20,OAXACA,18,CONCEPCIÓN BUENAVISTA,20018
20,OAXACA,279,SAN MIGUEL SUCHIXTEPEC,20279
20,OAXACA,335,SAN PEDRO YANERI,20335
20,OAXACA,477,SANTIAGO MINAS,20477
20,OAXACA,253,SAN MATEO PIÑAS,20253
20,OAXACA,386,SANTA CRUZ ZENZONTEPEC,20386
20,OAXACA,450,SANTIAGO AMOLTEPEC,20450
20,OAXACA,82,SAN AGUSTÍN CHAYUCO,20082
20,OAXACA,490,SANTIAGO TEXCALCINGO,20490
20,OAXACA,171,SAN JOSÉ TENANGO,20171
20,OAXACA,510,SANTO DOMINGO IXCATLÁN,20510
20,OAXACA,136,SAN FELIPE USILA,20136
20,OAXACA,529,SANTOS REYES YUCUNÁ,20529
20,OAXACA,322,SAN PEDRO OCOPETATILLO,20322
20,OAXACA,354,SANTA ANA ATEIXTLAHUACA,20354
20,OAXACA,163,SAN JERÓNIMO TECÓATL,20163
20,OAXACA,47,SANTA MAGDALENA JICOTLÁN,20047
20,OAXACA,151,SAN FRANCISCO TEOPAN,20151
20,OAXACA,374,SANTA CRUZ ACATEPEC,20374
20,OAXACA,35,GUELATAO DE JUÁREZ,20035
20,OAXACA,337,SAN PEDRO Y SAN PABLO AYUTLA,20337
20,OAXACA,437,SANTA MARÍA TLAHUITOLTEPEC,20437
20,OAXACA,60,MIXISTLÁN DE LA REFORMA,20060
20,OAXACA,323,SAN PEDRO OCOTEPEC,20323
20,OAXACA,552,TLACOTEPEC PLUMAS,20552
20,OAXACA,288,SAN MIGUEL YOTAO,20288
20,OAXACA,173,SAN JUAN ATEPEC,20173
20,OAXACA,214,SAN JUAN QUIOTEPEC,20214
20,OAXACA,336,SAN PEDRO YÓLOX,20336
20,OAXACA,454,SANTIAGO ATITLÁN,20454
20,OAXACA,260,SAN MIGUEL ALOÁPAM,20260
20,OAXACA,541,TANETZE DE ZARAGOZA,20541
20,OAXACA,280,VILLA TALEA DE CASTRO,20280
20,OAXACA,419,SANTA MARÍA JALTIANGUIS,20419
20,OAXACA,156,SAN ILDEFONSO VILLA ALTA,20156
20,OAXACA,3,ASUNCIÓN CACALOTEPEC,20003
20,OAXACA,195,SAN JUAN DIUXI,20195
20,OAXACA,502,SANTIAGO ZACATEPEC,20502
20,OAXACA,189,SAN JUAN COMALTEPEC,20189
20,OAXACA,536,SAN VICENTE NUÑÚ,20536
20,OAXACA,376,SANTA CRUZ DE BRAVO,20376
20,OAXACA,116,SAN BARTOLOMÉ AYAUTLA,20116
20,OAXACA,373,SANTA CATARINA ZAPOQUILA,20373
20,OAXACA,247,CAPULÁLPAM DE MÉNDEZ,20247
20,OAXACA,142,SAN FRANCISCO HUEHUETLÁN,20142
20,OAXACA,435,SANTA MARÍA TEPANTLALI,20435
20,OAXACA,114,SAN BALTAZAR YATZACHI EL BAJO,20114
20,OAXACA,97,SAN ANDRÉS SOLAGA,20097
20,OAXACA,100,SAN ANDRÉS YAÁ,20100
20,OAXACA,120,SAN BARTOLOMÉ ZOOGOCHO,20120
20,OAXACA,138,SAN FRANCISCO CAJONOS,20138
20,OAXACA,212,SAN JUAN PETLAPA,20212
20,OAXACA,216,SAN JUAN TABAÁ,20216
20,OAXACA,222,SAN JUAN YAEÉ,20222
20,OAXACA,223,SAN JUAN YATZONA,20223
20,OAXACA,246,SAN MATEO CAJONOS,20246
20,OAXACA,296,SAN PABLO MACUILTIANGUIS,20296
20,OAXACA,303,SAN PEDRO CAJONOS,20303
20,OAXACA,359,SANTA ANA YARENI,20359
20,OAXACA,460,SANTIAGO CHOÁPAM,20460
20,OAXACA,471,SANTIAGO LALOPA,20471
20,OAXACA,438,SANTA MARÍA TLALIXTAC,20438
20,OAXACA,514,SANTO DOMINGO ROAYAGA,20514
20,OAXACA,231,SAN LUCAS CAMOTLÁN,20231
20,OAXACA,465,SANTIAGO IXCUINTEPEC,20465
20,OAXACA,503,SANTIAGO ZOOCHILA,20503
20,OAXACA,182,SAN JUAN BAUTISTA TLACOATZINTEPEC,20182
20,OAXACA,276,SAN MIGUEL SANTA FLOR,20276
20,OAXACA,38,VILLA HIDALGO,20038
20,OAXACA,416,SANTA MARÍA IXCATLÁN,20416
20,OAXACA,479,SANTIAGO NEJAPILLA,20479
20,OAXACA,1,ABEJONES,20001
20,OAXACA,313,SAN PEDRO JOCOTIPAC,20313
20,OAXACA,256,SAN MATEO TLAPILTEPEC,20256
20,OAXACA,19,CONCEPCIÓN PÁPALO,20019
20,OAXACA,220,SAN JUAN TEPEUXILA,20220
20,OAXACA,139,SAN FRANCISCO CHAPULAPA,20139
20,OAXACA,436,SANTA MARÍA TEXCATITLÁN,20436
20,OAXACA,355,SANTA ANA CUAUHTÉMOC,20355
20,OAXACA,127,SAN CRISTÓBAL AMOLTEPEC,20127
20,OAXACA,466,SANTIAGO IXTAYUTLA,20466
20,OAXACA,201,SAN JUAN JUQUILA VIJANOS,20201
20,OAXACA,517,SANTO DOMINGO TEPUXTEPEC,20517
20,OAXACA,314,SAN PEDRO JUCHATENGO,20314
20,OAXACA,433,SANTA MARÍA TEMAXCALTEPEC,20433
20,OAXACA,99,SAN ANDRÉS TEPETLAPA,20099
20,OAXACA,382,SANTA CRUZ TACAHUA,20382
20,OAXACA,430,SANTA MARÍA TATALTEPEC,20430
20,OAXACA,442,SANTA MARÍA YALINA,20442
20,OAXACA,85,SAN AGUSTÍN LOXICHA,20085
20,OAXACA,346,SAN SEBASTIÁN NICANANDUTA,20346
20,OAXACA,528,SANTOS REYES TEPEJILLO,20528
20,OAXACA,443,SANTA MARÍA YAVESÍA,20443
20,OAXACA,473,SANTIAGO LAXOPA,20473
21,PUEBLA,210,ZAPOTITLÁN DE MÉNDEZ,21210
21,PUEBLA,202,XOCHITLÁN DE VICENTE SUÁREZ,21202
21,PUEBLA,204,YAONÁHUAC,21204
21,PUEBLA,14,AMIXTLÁN,21014
21,PUEBLA,2,ACATENO,21002
21,PUEBLA,178,TLACUILOTEPEC,21178
21,PUEBLA,217,ZOQUITLÁN,21217
21,PUEBLA,75,HUEYAPAN,21075
21,PUEBLA,213,ZIHUATEUTLA,21213
21,PUEBLA,183,TLAOLA,21183
21,PUEBLA,199,XIUTETELCO,21199
21,PUEBLA,107,OLINTLA,21107
21,PUEBLA,72,HUEHUETLA,21072
21,PUEBLA,78,HUITZILAN DE SERDÁN,21078
21,PUEBLA,100,NAUPAN,21100
21,PUEBLA,58,CHILCHOTLA,21058
21,PUEBLA,173,TETELES DE ÁVILA CASTILLO,21173
21,PUEBLA,167,TEPETZINTLA,21167
21,PUEBLA,43,CUETZALAN DEL PROGRESO,21043
21,PUEBLA,88,JONOTLA,21088
21,PUEBLA,216,ZOQUIAPAN,21216
21,PUEBLA,116,QUIMIXTLÁN,21116
21,PUEBLA,109,PAHUATLÁN,21109
21,PUEBLA,184,TLAPACOYA,21184
21,PUEBLA,49,CHICONCUAUTLA,21049
21,PUEBLA,6,AHUACATLÁN,21006
21,PUEBLA,28,CAMOCUAUTLA,21028
21,PUEBLA,162,TEPANGO DE RODRÍGUEZ,21162
21,PUEBLA,25,AYOTOXCO DE GUERRERO,21025
21,PUEBLA,77,HUEYTLALPAN,21077
21,PUEBLA,68,HERMENEGILDO GALEANA,21068
21,PUEBLA,80,ATLEQUIZAYAN,21080
21,PUEBLA,61,ELOXOCHITLÁN,21061
21,PUEBLA,165,TEPEMAXALCO,21165
21,PUEBLA,84,IXTEPEC,21084
21,PUEBLA,145,SAN SEBASTIÁN TLACOTEPEC,21145
21,PUEBLA,192,TUZAMAPAN DE GALEANA,21192
21,PUEBLA,30,COATEPEC,21030
21,PUEBLA,123,SAN FELIPE TEPATLÁN,21123
21,PUEBLA,131,SAN JUAN ATZOMPA,21131
21,PUEBLA,52,CHIGMECATITLÁN,21052
21,PUEBLA,146,SANTA CATARINA TLALTEMPAN,21146
21,PUEBLA,200,XOCHIAPULCO,21200
21,PUEBLA,29,CAXHUACAN,21029
21,PUEBLA,215,ZONGOZOTLA,21215
21,PUEBLA,163,TEPATLAXCO DE HIDALGO,21163
22,QUERÉTARO,15,SAN JOAQUÍN,22015
30,VERACRUZ DE IGNACIO DE LA LLAVE,177,TLACOLULAN,30177
30,VERACRUZ DE IGNACIO DE LA LLAVE,156,TATATILA,30156
30,VERACRUZ DE IGNACIO DE LA LLAVE,136,RAFAEL LUCIO,30136
30,VERACRUZ DE IGNACIO DE LA LLAVE,110,MIXTLA DE ALTAMIRANO,30110
30,VERACRUZ DE IGNACIO DE LA LLAVE,30,CAMERINO Z. MENDOZA,30030
30,VERACRUZ DE IGNACIO DE LA LLAVE,198,ZACUALPAN,30198
30,VERACRUZ DE IGNACIO DE LA LLAVE,168,TEQUILA,30168
30,VERACRUZ DE IGNACIO DE LA LLAVE,201,ZONGOLICA,30201
30,VERACRUZ DE IGNACIO DE LA LLAVE,25,AYAHUALULCO,30025
30,VERACRUZ DE IGNACIO DE LA LLAVE,57,CHICONQUIACO,30057
30,VERACRUZ DE IGNACIO DE LA LLAVE,95,JUCHIQUE DE FERRER,30095
30,VERACRUZ DE IGNACIO DE LA LLAVE,36,COACOATZINTLA,30036
30,VERACRUZ DE IGNACIO DE LA LLAVE,184,TLAQUILPA,30184
30,VERACRUZ DE IGNACIO DE LA LLAVE,187,TONAYÁN,30187
30,VERACRUZ DE IGNACIO DE LA LLAVE,162,TENAMPA,30162
30,VERACRUZ DE IGNACIO DE LA LLAVE,106,MIAHUATLÁN,30106
30,VERACRUZ DE IGNACIO DE LA LLAVE,163,TENOCHTITLÁN,30163
30,VERACRUZ DE IGNACIO DE LA LLAVE,107,LAS MINAS,30107
30,VERACRUZ DE IGNACIO DE LA LLAVE,96,LANDERO Y COSS,30096
30,VERACRUZ DE IGNACIO DE LA LLAVE,18,AQUILA,30018
30,VERACRUZ DE IGNACIO DE LA LLAVE,20,ATLAHUILCO,30020
30,VERACRUZ DE IGNACIO DE LA LLAVE,98,MAGDALENA,30098
30,VERACRUZ DE IGNACIO DE LA LLAVE,140,SAN ANDRÉS TENEJAPAN,30140
30,VERACRUZ DE IGNACIO DE LA LLAVE,170,TEXCATEPEC,30170
30,VERACRUZ DE IGNACIO DE LA LLAVE,113,NARANJAL,30113
30,VERACRUZ DE IGNACIO DE LA LLAVE,171,TEXHUACÁN,30171
30,VERACRUZ DE IGNACIO DE LA LLAVE,137,LOS REYES,30137
30,VERACRUZ DE IGNACIO DE LA LLAVE,19,ASTACINGA,30019
30,VERACRUZ DE IGNACIO DE LA LLAVE,159,TEHUIPANGO,30159
30,VERACRUZ DE IGNACIO DE LA LLAVE,202,ZONTECOMATLÁN DE LÓPEZ Y FUENTES,30202
30,VERACRUZ DE IGNACIO DE LA LLAVE,76,ILAMATLÁN,30076
20,OAXACA,128,SAN CRISTÓBAL LACHIRIOAG,20128
20,OAXACA,326,SAN PEDRO SOCHIÁPAM,20326
7,CHIAPAS,121,RINCÓN CHAMULA SAN PEDRO,07121
7,CHIAPAS,124,MEZCALAPA,07124
20,OAXACA,432,SANTA MARÍA TEMAXCALAPA,20432
21,PUEBLA,91,JUAN GALINDO,21091
0,SIN DATO,0,SIN DATO,00000
7,CHIAPAS,58,NICOLÁS RUÍZ,07058
20,OAXACA,308,SAN PEDRO HUILOTEPEC,20308
30,VERACRUZ DE IGNACIO DE LA LLAVE,0,SIN DATO,30000
4,CAMPECHE,12,SEYBAPLAYA,04012
20,OAXACA,0,SIN DATO,20000
10,DURANGO,0,SIN DATO,10000
14,JALISCO,0,SIN DATO,14000
8,CHIHUAHUA,0,SIN DATO,08000
5,COAHUILA DE ZARAGOZA,0,SIN DATO,05000
9,CIUDAD DE MÉXICO,0,SIN DATO,09000
11,GUANAJUATO,0,SIN DATO,11000
16,MICHOACÁN DE OCAMPO,0,SIN DATO,16000
15,MÉXICO,0,SIN DATO,15000
19,NUEVO LEÓN,0,SIN DATO,19000
22,QUERÉTARO,0,SIN DATO,22000
25,SINALOA,0,SIN DATO,25000
26,SONORA,0,SIN DATO,26000
27,TABASCO,0,SIN DATO,27000
1,AGUASCALIENTES,0,SIN DATO,01000
