CVE_HOM_ACUIFERO,NOMBRE DE ACUÍFERO HOMOLOGADO
1416,VALLE DE GUADALUPE
2415,RÍO VERDE
1013,BUENOS AIRES
1442,MASCOTA
3105,PENÍNSULA DE YUCATÁN
3001,POZA RICA
1620,APATZINGÁN
2703,SAMARIA-CUNDUACÁN
2104,VALLE DE PUEBLA
1449,LAGUNAS
3222,EL CARDITO
2101,VALLE DE TECAMACHALCO
3216,SAIN ALTO
3204,VALPARAÍSO
0101,VALLE DE AGUASCALIENTES
3010,LOS NARANJOS
2702,LA CHONTALPA
0706,FRAYLESCA
0703,TUXTLA
2010,TUXTEPEC
1913,CHINA-GENERAL BRAVO
1703,ZACATEPEC
3018,JALAPA-COATEPEC
1607,CIENÉGA DE CHAPALA
3207,GARCÍA DE LA CADENA
1704,TEPALCINGO-AXOCHIAPAN
0704,OCOZOCOAUTLA
1459,JESÚS MARÍA
2501,RÍO FUERTE
0709,ACAPETAHUA
2615,RÍO SANTA CRUZ
0707,COMITÁN
2205,VALLE DE TEQUISQUIAPAN
0836,ALDAMA-SAN DIEGO
0601,COLIMA
3226,CHUPADEROS
1115,VALLE DE CELAYA
0809,LAGUNA DE MEXICANOS
0807,EL SAUZ-ENCINILLAS
0860,GUERRERO-YEPÓMERA
1108,CUENCA ALTA DEL RÍO LAJA
0819,LAGUNA LA VIEJA
2106,IXCAQUIXTLA
0816,ALDAMA-EL CUERVO
2807,VICTORIA-GÜEMEZ
0830,CHIHUAHUA-SACRAMENTO
0814,LAGUNA DE TARABILLAS
1447,YAHUALICA
0805,CUAUHTÉMOC
1107,SAN MIGUEL DE ALLENDE
1439,QUITUPÁN
2203,VALLE DE SAN JUAN DEL RÍO
1916,NAVIDAD-POTOSÍ-RAÍCES
2502,RÍO SINALOA
2201,VALLE DE QUERÉTARO
3213,VILLA GARCÍA
3232,ESPÍRITU SANTO
1502,IXTLAHUACA-ATLACOMULCO
1507,TEXCOCO
0607,EL COLOMO
0801,ASCENSIÓN
0612,MARABASCO
0842,ÁLAMO CHAPO
0808,JANOS
1601,MARAVATÍO-CONTEPEC-E. HUERTA
1614,URUAPAN
0825,EL SABINAL
0610,LA CENTRAL-PEÑA BLANCA
0821,FLORES MAGÓN-VILLA AHUMADA
0822,SANTA CLARA
0855,LAGUNA LOS ALAZANES
0840,VILLALBA
1803,VALLE SANTIAGO-SAN BLAS
1406,CIUDAD GUZMÁN
3211,VILLANUEVA
1501,VALLE DE TOLUCA
0511,REGIÓN MANZANERA-ZAPALINAMÉ
1924,EL CARMEN-SALINAS-VICTORIA
0710,SOCONUSCO
0804,BUENAVENTURA
1911,CAÑÓN DEL HUAJUCO
1405,OCOTLÁN
0829,JOSEFA ORTÍZ DE DOMÍNGUEZ
0207,GUADALUPE
0832,JIMÉNEZ-CAMARGO
0831,MEOQUI-DELICIAS
3206,TLALTENANGO-TEPECHITLÁN
0806,CASAS GRANDES
0605,VENUSTIANO CARRANZA
1613,CHURUMUCO
2514,EL CARRIZO
3225,CALERA
1422,ENCARNACIÓN
0615,ALZADA-TEPAMES
2809,ALDAMA-SOTO LA MARINA
3230,VILLA HIDALGO
0705,CINTALAPA
2103,ATLIXCO-IZÚCAR DE MATAMOROS
1401,ATEMAJAC
1120,PÉNJAMO-ABASOLO
3203,CORRALES
3218,CEDROS
3231,PINOS
1611,TACÁMBARO-TURICATO
1402,TOLUQUILLA
3229,LORETO
3008,COTAXTLA
1118,SALVATIERRA-ACÁMBARO
3006,COSTERA DE VERACRUZ
1119,IRAPUATO-VALLE
0844,VALLE DE ZARAGOZA
0102,VALLE DE CHICALOTE
1104,LAGUNA SECA
3020,COSTERA DEL PAPALOAPAN
3217,EL PALMAR
0835,TABALAOPA-ALDAMA
0803,BAJA BABÍCORA
2804,SAN CARLOS
3014,ÁLAMO-TUXPAN
2812,OCAMPO-ANTIGUO MORELOS
1212,EL NARANJITO
1450,SAN ISIDRO
1409,AMECA
0850,LAS PAMPAS
1113,VALLE DE LEÓN
0505,GENERAL CEPEDA-SAUCEDA
1616,NUEVA ITALIA
1617,LÁZARO CÁRDENAS
3017,TAMPICO-MISANTLA
1403,CAJITITLÁN
1310,VALLE DEL MEZQUITAL
0841,POTRERO DEL LLANO
0323,LOS PLANES
1434,NORTE DE JALISCO
1606,ZACAPU
1404,PONCITLÁN
1001,VALLE DE SANTIAGUILLO
1110,SILAO-ROMITA
0306,SANTO DOMINGO
0523,PRINCIPAL-REGIÓN LAGUNERA
1608,ZAMORA
1410,LAGOS DE MORENO
1006,TEPEHUANES-SANTIAGO
0302,VIZCAÍNO
1408,LA BARCA
2005,MIAHUATLÁN
1419,TECOLOTLÁN
1003,VALLE DEL GUADIANA
1008,CABRERA-OCAMPO
1114,RÍO TURBIO
2011,HUATULCO
1010,SAN JOSÉ DE NAZARENO
2705,LA SIERRA
1011,GALEANA-QUEMADO
0824,LAGUNA DE HORMIGAS
1019,CUAUHTÉMOC
1912,CITRÍCOLA NORTE
0614,VALLE DE IXTLAHUACÁN
1906,ÁREA METROPOLITANA DE MONTERREY
1002,VALLE DE CANATLÁN
1028,LA ZARCA-REVOLUCIÓN
1917,SANDIA-LA UNIÓN
0218,SAN TELMO
1025,NAZAS
2025,VALLES CENTRALES
1806,ZACUALPAN-LAS VARAS
2403,SALINAS DE HIDALGO
1117,VALLE DE ACÁMBARO
2903,HUAMANTLA
2631,RÍO BAVISPE
2612,MAGDALENA
0901,ZONA METROPOLITANA DE LA CD. DE MÉXICO
0510,SALTILLO-RAMOS ARIZPE
2620,SAHUARAL
1802,SAN PEDRO-TUXPAN
0507,MONCLOVA
2626,RÍO ZANJÓN
2624,RÍO SONORA
2301,CERROS Y VALLES
3019,CUENCA RÍO PAPALOAPAN
1022,VILLA JUÁREZ
0509,LA PAILA
2412,JARAL DE BERRIOS-VILLA DE REYES
0405,XPUJIL
1902,SABINAS-PARÁS
2007,TEHUANTEPEC
1024,ORIENTE AGUANAVAL
2411,SAN LUIS POTOSÍ
1432,MIGUEL HIDALGO
2625,RÍO SAN MIGUEL
0828,LOS MOSCOS
0202,TECATE
2504,RÍO CULIACÁN
3011,SOTEAPAN-HUEYAPAN
0316,MIGRIÑO
2402,EL BARRIL
2407,CEDRAL-MATEHUALA
2418,HUASTECA POTOSINA
2416,SAN NICOLÁS TOLENTINO
2419,TAMUÍN
1504,TENANCINGO
1424,TOMATLÁN
1427,PUERTO VALLARTA
2401,VANEGAS-CATORCE
2405,AHUALULCO
2632,RÍO FRONTERA
2410,BUENAVISTA
0324,LA PAZ
2417,SANTA MARÍA DEL RÍO
0848,LAGUNA DE PALOMAS
1235,CUAJINICUILAPA
1023,CEBALLOS
2801,BAJO RÍO BRAVO
2102,LIBRES-ORIENTAL
0847,LOS JUNCOS
1122,CIÉNEGA PRIETA-MOROLEÓN
1701,CUERNAVACA
0849,LLANO DE GIGANTES
1805,VALLE DE COMPOSTELA
2404,SANTO DOMINGO
2408,VILLA DE ARISTA
1602,MORELIA-QUERÉNDARO
2016,NOCHIXTLÁN
0524,ACATITA
1623,LA PIEDAD
2611,LA TINAJA
1420,JIQUILPAN
0837,BAJO RÍO CONCHOS
2806,MÁRGENES DEL RÍO PURIFICACIÓN
2808,VICTORIA-CASAS
2608,RÍO ALTAR
0217,SAN RAFAEL
1423,PRIMO VERDAD
1428,CHAPALA
1413,ALTOS DE JALISCO
1016,SAN JUAN DEL RÍO
0319,SAN JOSÉ DEL CABO
0215,CAÑÓN LA CALENTURA
0205,LAS PALMAS
0220,COLONIA VICENTE GUERRERO
0206,LA MISIÓN
2024,COLOTEPEC-TONAMECA
0224,EL ROSARIO
0235,NUEVO ROSARITO
3005,VALLE DE ACTOPAN
0234,LA BACHATA-SANTA ROSALITA
2204,VALLE DE BUENAVISTA
1417,AUTLÁN
0214,SAN VICENTE
0212,MANEADERO
1106,DR. MORA-SAN JOSÉ ITURBIDE
1508,CUAUTITLÁN-PACHUCA
1436,ARENAL
0817,LAGUNA DE PATOS
0512,REGIÓN CARBONÍFERA
1908,CAMPO MINA
2636,SAN JOSÉ DE GUAYMAS
2640,VALLE DEL YAQUI
2208,VALLE DE HUIMILPAN
2642,VALLE DEL MAYO
1026,VICENTE SUÁREZ
0818,LAGUNA DE SANTA MARÍA
2621,MESA DEL SERI-LA VICTORIA
0228,LLANOS DEL BERRENDO
2503,RÍO MOCORITO
1609,BRISEÑAS-YURÉCUARO
0508,PAREDÓN
1312,IXMIQUILPAN
0502,CAÑÓN DEL DERRAMADERO
0812,PALOMAS-GUADALUPE VICTORIA
2413,MATEHUALA-HUIZACHE
1808,PUNTA DE MITA
0230,SAN FERNANDO-SAN AGUSTÍN
0105,VALLE DE CALVILLO
0857,ESCALÓN
3212,OJOCALIENTE
1451,HUEJOTITLÁN
1311,AJACUBA
2020,SANTIAGO ASTATA
0312,CAÑADA HONDA
3214,AGUANAVAL
1111,LA MURALLA
3223,GUADALUPE DE LAS CORRIENTES
0810,SAMALAYUCA
2601,VALLE DE SAN LUIS RÍO COLORADO
2617,PUERTO LIBERTAD
1313,ACTOPAN-SANTIAGO DE ANAYA
2009,RÍO VERDE-EJUTLA
0327,TEPENTÚ
1433,CIHUATLÁN
1005,MADERO-VICTORIA
0209,LAGUNA SALADA
1009,MATALOTES-EL ORO
0813,LAGUNA TRES CASTILLOS
1622,COTIJA
0320,SANTIAGO
0329,SAN JUAN B. LONDÓ
0314,EL PESCADERO
0331,BAHÍA CONCEPCIÓN
0851,RANCHO EL ASTILLERO
1612,HUETAMO
1029,REVOLUCIÓN
0504,CUATROCIÉNEGAS-OCAMPO
0501,ALLENDE-PIEDRAS NEGRAS
3205,JERÉZ
1018,PEÑÓN BLANCO
1905,AGUALEGUAS-RAMONES
0521,SALTILLO SUR
3012,COSTERA DE COATZACOALCOS
1020,SANTA CLARA
0246,SAN SIMÓN
1914,CITRÍCOLA SUR
1909,CAMPO DURAZNO
1915,SOTO LA MARINA
3007,ORIZABA-CÓRDOBA
2004,JAMILTEPEC
0103,EL LLANO
2661,CUMPAS
2641,COCORAQUE
0221,SAN QUINTÍN
2211,TAMPAÓN-ZONA DE SIERRA
1435,AMATITÁN
3210,BENITO JUÁREZ
1505,VILLA VICTORIA-VALLE DE BRAVO
1901,LAMPAZOS-VILLALDAMA
1444,SAN DIEGO DE ALEJANDRÍA
1421,TAPALPA
0843,BOCOYNA
0711,ARRIAGA-PIJIJIAPAN
0528,CUATROCIÉNEGAS
2008,OSTUTA
2701,HUIMANGUILLO
1317,VALLE DE TULANCINGO
2811,LLERA-XICOTÉNCATL
2105,VALLE DE TEHUACÁN
1101,XICHÚ-ATARJEA
1430,LA HUERTA
0245,ROSARITO
0603,ARMERÍA-TECOMÁN-PERIQUILLOS
2633,RÍO MOCTEZUMA
2606,LOS CHIRRIONES
3224,PUERTO MADERO
3228,LA BLANCA
1415,JALOSTOTITLÁN
2803,HIDALGO-VILLAGRÁN
2409,VILLA HIDALGO
2207,TOLIMÁN
2802,MÉNDEZ-SAN FERNANDO
0519,CASTAÑOS
0852,LAGUNA DE JACO
1414,TEPATITLÁN
3209,JALPA-JUCHIPILA
0328,LORETO
1307,HUICHAPAN-TECOZAUTLA
1315,HUASCA-ZOQUITAL
2209,VALLE DE AMEALCO
0301,PUNTA EUGENIA
1604,LAGUNILLAS PÁTZCUARO
2623,SANTA ROSALÍA
0210,VALLE DE MEXICALI
0322,EL CARRIZAL
2629,RÍO AGUA PRIETA
1506,CHALCO-AMECAMECA
0305,MEZQUITAL SECO
1801,VALLE ACAPONETA-CAÑAS
1004,VICENTE GUERRERO-POANAS
2505,RÍO SAN LORENZO
0309,EL CONEJO-LOS VIEJOS
0203,EL DESCANSO
0213,SANTO TOMÁS
1305,ATLAPEXCO-CANDELARIA
0211,ENSENADA
1445,SAN JOSÉ DE LAS PILAS
1605,PASTOR ORTÍZ-LA PIEDAD
1615,LA HUACANA
2206,VALLE DE CADEREYTA
1503,POLOTITLÁN
1314,MEZTITLÁN
2509,RÍO PRESIDIO
3227,GUADALUPE BAÑUELOS
3220,GUADALUPE GARZARÓN
2646,ROSARIO-TESOPACO-EL QUIRIEGO
1903,LAMPAZOS-ANÁHUAC
2414,CERRITOS-VILLA JUÁREZ
2610,COYOTILLO
2619,COSTA DE HERMOSILLO
0838,ALTO RÍO SAN PEDRO
2604,ARROYO SAHUARO
1320,ÁPAN
1301,ZIMAPÁN
1807,VALLE DE BANDERAS
0308,LAS POCITAS-SAN HILARIO
2639,RÍO TECORIPA
1810,VALLE AMATLÁN DE CAÑAS
0520,LAGUNA DEL REY-SIERRA MOJADA
2609,BUSANI
2605,CABORCA
2635,VALLE DE GUAYMAS
1429,TIZAPÁN
2627,RÍO BACOACHI
2018,PINOTEPA NACIONAL
0702,REFORMA
2650,NOGALES
0609,SANTIAGO-SALAGUA
1230,PAPAGAYO
2607,ARROYO SECO
3004,PEROTE-ZALAYETA
0333,SAN MARCOS-PALO VERDE
1418,UNIÓN DE TULA
2603,SONOYTA-PUERTO PEÑASCO
0823,CONEJOS-MÉDANOS
2901,ALTO ATOYAC
0216,LA TRINIDAD
1440,VALLE DE JUÁREZ
1446,CUQUÍO
2202,VALLE DE AMAZCALA
2019,CHACAHUA
0802,ALTA BABÍCORA
0104,VENADERO
2704,CENTLA
0701,PALENQUE
2021,MORRO-MAZATÁN
1222,TECPAN
1318,ACAXOCHITLÁN
1919,CAMPO CERRITOS
1610,CIUDAD HIDALGO-TUXPAN
2902,SOLTEPEC
2613,RÍO ALISOS
2628,RÍO BACANUCHI
2622,LA POZA
2618,ARIVAIPA
1233,COPALA
0861,VALLE DEL PESO
1234,MARQUELIA
1316,TEPEJI DEL RÍO
0820,IGNACIO ZARAGOZA
1021,PEDRICEÑA-VELARDEÑA
1103,OCAMPO
0834,PARRAL-VALLE DEL VERANO
1804,VALLE DE MATATIPAC
3215,ÁBREGO
2634,RÍO MÁTAPE
0811,LAS PALMAS
1809,VALLE IXTLÁN-AHUACATLÁN
1121,LAGO DE CUITZEO
1457,COLOTLÁN
0708,LA TRINITARIA
0608,JALIPA-TAPEIXTLES
2706,MACUSPANA
0219,CAMALÚ
0227,VILLA DE JESÚS MARÍA
2707,LOS RÍOS
0248,REAL DEL CASTILLO
0304,LA PURÍSIMA
0713,MARQUÉS DE COMILLAS
3002,TECOLUTLA
2708,BOCA DEL CERRO
1228,CHILPANCINGO
1437,TEQUILA
1207,TLACOTEPEC
1319,TECOCOMULCO
2647,ÓNAVAS
0526,SERRANÍA DEL BURRO
2643,CUCHUJAQUI
2638,RÍO SAHUARIPA
2653,HUÁSABAS
0307,SANTA RITA
2012,CUICATLÁN
1213,LA UNIÓN
0325,EL COYOTE
2655,NÁCORI CHICO
0846,CARICHI-NONOAVA
0208,OJOS NEGROS
0833,VALLE DE JUÁREZ
2656,CUMURIPA
0311,LA MATANZA
2616,RÍO SAN PEDRO
2657,AGUA CALIENTE
1223,ATOYAC
1221,SAN LUIS
0826,LOS LAMENTOS
2651,BATEVITO
1116,VALLE DE LA CUEVITA
0839,MANUEL BENAVIDES
0332,MULEGÉ
0318,CABO PULMO
0321,SAN BARTOLO
3201,SABINAS
0225,BAHÍA DE SAN LUIS GONZAGA
2658,SAN BERNARDO
0315,PLUTARCO ELÍAS CALLES
1453,LOS PUENTES
1431,CUAUTITLÁN
0858,LA NORTEÑA
3219,EL SALVADOR
2644,FUERTE-MAYO
0712,SAN CRISTÓBAL LAS CASAS
1216,BAHÍA DE ZIHUATANEJO
1027,CABRERA
0313,TODOS SANTOS
1208,ALTAMIRANO-CUTZAMALA
0326,ALFREDO V. BONFIL
0845,SAN FELIPE DE JESÚS
1458,MIXTLÁN
0859,MADERA
2813,ZONA SUR
1309,CHAPANTONGO-ALFAJAYUCAN
0334,SAN BRUNO
3208,NOCHISTLÁN
3202,HIDALGO
1621,COAHUAYANA
2014,HUAJUAPAN DE LEÓN
1227,LA SABANA
3233,PINO SUÁREZ
1812,VALLE DE SANTA MARÍA DEL ORO
0201,TIJUANA
1215,IXTAPA
1225,CONCHERO
0715,OCOSINGO
0503,CERRO COLORADO-LA PARTIDA
1618,PLAYA AZUL
3221,CAMACHO
1702,CUAUTLA-YAUTEPEC
0232,PUNTA CANOAS-SAN JOSÉ
1456,SAN MARTÍN DE BOLAÑOS
1411,EL MUERTO
0522,PRESA LA AMISTAD
2510,RÍO BALUARTE
1224,COYUCA
2013,COATZACOALCOS
1202,HUITZUCO
1407,AGUACATE
1907,CAMPO BUENOS AIRES
3003,MARTÍNEZ  DE LA TORRE-NAUTLA
0236,LA RUMOROSA-TECATE
0222,SAN FELIPE-PUNTA ESTRELLA
0223,VALLE CHICO-SAN PEDRO MÁRTIR
0303,SAN IGNACIO
0204,LOS MÉDANOS
0247,EL SOCORRO
1425,VISTA DEL MAR
2614,COCÓSPERA
1226,BAHÍA DE ACAPULCO
2649,YÉCORA
0513,PALESTINA
2022,BAJOS DE CHILA
2406,VILLA DE ARRIAGA
1443,MARAVILLA
1619,OSTULA
0815,LAGUNA EL DIABLO
1448,OJUELOS
0517,LAGUNA EL GUAJE
1205,IGUALA
0336,SANTA ÁGUEDA
2645,RÍO CHICO
1218,SAN JERONIMITO
2305,ÍSLA DE COZUMEL
2805,JIMÉNEZ-ABASOLO
3009,OMEALCA-HUIXCOLOTLA
0310,MELITÓN ALBAÑEZ
3234,SALDAÑA
1206,CHILAPA
1220,COYUQUILLA
1217,COACOYUL
1204,BUENAVISTA DE CUÉLLAR
1214,PANTLA
1412,20 DE NOVIEMBRE
2015,TAMAZULAPAN
1015,SAN FERMÍN
0231,SANTA CATARINA
1219,PETATLÁN
0002,SUBYACENTE AL ACUÍFERO
1210,PASO DE ARENA
1321,AMAJAC
1231,SAN MARCOS
1201,TLAPA-HUAMUXTITLÁN
1211,COAHUAYUTLA
1441,BARRERAS
2630,ARROYO SAN BERNARDINO
2023,MARISCALA
1232,NEXPA
1454,VILLA GUERRERO
2637,RÍO BACANORA
2017,JUXTLAHUACA
0613,MINATITLÁN
1438,COLOMOS
1509,TEMASCALTEPEC
0506,EL HUNDIDO
0525,LAS DELICIAS
1012,LA VICTORIA
2810,PALMILLAS-JAUMAVE
2814,TULA-BUSTAMANTE
0238,MATOMI-PUERTECITOS
0237,EL CHINERO
0239,EL HUERFANITO
0317,CABO SAN LUCAS
0338,LAS VÍRGENES
0827,EL CUARENTA
0856,LAGUNA EL REY
0714,CHICOMUSELO
1007,PROVIDENCIA
1203,POLONCINGO
1452,UNIÓN DE GUADALUPE
1426,SANTA MARÍA
1455,MEZQUITIC
1910,CAMPO TOPO CHICO
0001,ACUÍFERO SOBREYACENTE
2660,CUITACA
2602,LOS VIDRIOS
2904,EMILIANO ZAPATA
3016,SIERRA DE SAN ANDRÉS TUXTLA
2511,VALLE DE ESCUINAPA
0226,BAHÍA DE LOS ÁNGELES
0233,LAGUNA DE CHAPALA
0243,SAN RAFAEL-LA PALMA
0244,EL PROGRESO-EL BARRIL
0330,ROSARITO
0337,SANTA ROSALÍA
0335,SAN LUCAS
0514,HIDALGO
0515,SANTA FE DEL PINO
0518,LAGUNA EL COYOTE
0516,HÉRCULES
0853,RANCHO LA GLORIA
2507,RÍO PIAXTLA
1014,TORREÓN DE CAÑAS
1017,VALLE DEL MEZQUITAL
1209,ARCELIA
1229,TEPECHICOTLÁN
1304,XOCHITLÁN-HUEJUTLA
1303,ATOTONILCO-JALTOCÁN
1923,DOCTOR ARROYO
1922,SANTA RITA-CRUZ DE ELORZA
2210,MOCTEZUMA
2508,RÍO QUELITE
2513,RÍO CAÑAS
2512,LAGUNA AGUA GRANDE
2506,RÍO ELOTA
2648,SOYOPA
2654,BACADÉHUACHI
2652,VILLA HIDALGO
0242,LA BOCANA-LLANOS DE SAN PEDRO
0854,RANCHO DENTÓN
1921,EL PEÑUELO-SAN JOSÉ EL PALMAR
1302,ORIZATLÁN
1308,EL ASTILLERO
0229,JAMAU
1920,CAMPO PAPAGAYOS
,
